date,time,lat,lng,subject_age,subject_race,subject_sex,violation
2019-01-09,17:20:00,29.51266500000003,-98.46644399999995,47.0,white,male,THEFT UNDER $100.00
2019-01-05,15:56:00,29.6095138,-98.4807025,49.0,white,male,SOLICITING FROM OCCUPANTS OF VEHICLES
2019-01-05,17:50:00,29.42483630000001,-98.5011962,60.0,black,male,SOLICITING FROM OCCUPANTS OF VEHICLES
2019-01-08,10:20:00,29.5535339,-98.4069433,22.0,black,female,THEFT UNDER $100.00
2019-01-05,16:57:00,29.48743529999999,-98.6681378,18.0,black,male,THEFT UNDER $100.00
2019-01-01,18:58:00,29.35473300000007,-98.50134599999996,34.0,white,male,POSSESSING DRUG PARAPHERNALIA
2019-01-03,15:45:00,29.414512100000003,-98.4810648,59.0,white,male,SOLICITING FROM OCCUPANTS OF VEHICLES
2019-01-06,23:40:00,29.565009000000032,-98.60324849999996,21.0,white,female,PUBLIC INTOXICATION
2019-01-06,00:45:00,29.57581359100004,-98.50421684799994,41.0,white,male,PUBLIC INTOXICATION
2019-01-06,02:02:00,29.50434900000005,-98.54353799999996,48.0,white,female,PUBLIC INTOXICATION
2019-01-10,03:26:00,29.4888956,-98.5740751,38.0,hispanic,male,PUBLIC INTOXICATION
2019-01-10,18:00:00,29.423976300000003,-98.4890325,55.0,white,male,PUBLIC INTOXICATION
2019-01-01,21:15:00,29.502308000000006,-98.4986961,22.0,white,male,PUBLIC INTOXICATION
2019-01-10,23:10:00,29.342304,-98.6079886,24.0,white,female,PUBLIC INTOXICATION
2019-01-11,03:20:00,29.34324000000004,-98.48599199999995,22.0,white,male,PUBLIC INTOXICATION
2019-01-12,00:05:00,29.56123571400008,-98.59109953099994,22.0,white,male,PUBLIC INTOXICATION
2019-01-12,00:30:00,29.5394527,-98.378647,44.0,white,male,PUBLIC INTOXICATION
2019-01-12,03:15:00,29.4378829,-98.4447843,59.0,black,male,PUBLIC INTOXICATION
2019-01-11,23:45:00,29.355975,-98.4480374,27.0,white,female,PUBLIC INTOXICATION
2019-01-12,05:00:00,29.4988354,-98.5527459,21.0,white,male,PUBLIC INTOXICATION
2019-01-12,18:50:00,29.4265076,-98.4885354,37.0,white,male,PUBLIC INTOXICATION
2019-01-10,18:36:00,29.50976,-98.4077064,58.0,black,male,PUBLIC INTOXICATION
2019-01-01,06:35:00,29.470103700000006,-98.6552525,28.0,hispanic,male,PUBLIC INTOXICATION
2019-01-10,00:36:00,29.400822000000066,-98.52253199999996,45.0,white,male,POSSESSING DRUG PARAPHERNALIA
2019-01-10,01:00:00,29.385884000000004,-98.478553,28.0,white,female,POSSESSING DRUG PARAPHERNALIA
2019-01-01,05:30:00,29.48420695400005,-98.535048842,28.0,black,male,PUBLIC INTOXICATION
2019-01-10,09:00:00,29.4244018,-98.4942533,40.0,white,male,THEFT UNDER $100.00
2019-01-01,12:00:00,29.4258674,-98.4897559,25.0,hispanic,female,PUBLIC INTOXICATION
2019-01-09,17:07:00,29.5162079,-98.4803881,25.0,white,male,THEFT UNDER $100.00
2019-01-01,02:22:00,29.485107000000035,-98.64387449999998,22.0,white,male,PUBLIC INTOXICATION
2019-01-01,02:30:00,29.54620800000004,-98.5072545,48.0,hispanic,male,PUBLIC INTOXICATION
2019-01-01,02:15:00,29.4457849,-98.4959969,24.0,hispanic,male,PUBLIC INTOXICATION
2019-01-01,01:26:00,29.391066700000003,-98.4466783,30.0,white,male,PUBLIC INTOXICATION
2019-01-06,17:00:00,29.6017537,-98.4050082,49.0,white,male,SOLICITING FROM OCCUPANTS OF VEHICLES
2019-01-09,11:30:00,29.41990909999999,-98.6511315,43.0,hispanic,male,THEFT UNDER $100.00
2019-01-06,14:40:00,29.45853589999999,-98.5533896,33.0,white,female,THEFT UNDER $100.00
2019-01-05,15:53:00,29.46480039999999,-98.5260804,56.0,white,male,PUBLIC INTOXICATION
2019-01-05,18:07:00,29.480082,-98.3591616,37.0,hispanic,female,POSSESSING DRUG PARAPHERNALIA
2019-01-05,18:07:00,29.480082,-98.3591616,37.0,hispanic,female,THEFT UNDER $100.00
2019-01-05,01:15:00,29.425967100000005,-98.4861419,41.0,hispanic,male,PUBLIC INTOXICATION
2019-01-05,22:00:00,29.519694,-98.563953,40.0,asian/pacific islander,male,PUBLIC INTOXICATION
2019-01-09,16:55:00,29.3753836,-98.4509895,44.0,white,male,PUBLIC INTOXICATION
2019-01-09,17:57:00,29.42314200000004,-98.55028349999998,70.0,white,male,PUBLIC INTOXICATION
2019-01-06,06:19:00,29.4033566,-98.6281367,55.0,white,male,PUBLIC INTOXICATION
2019-01-08,21:52:00,29.4290132,-98.4910637,42.0,white,male,PUBLIC INTOXICATION
2019-01-09,01:01:00,29.44166133400006,-98.49604766599998,22.0,hispanic,female,PUBLIC INTOXICATION
2019-01-09,03:20:00,29.53768500000007,-98.66972699999997,24.0,white,male,PUBLIC INTOXICATION
2019-01-09,00:45:00,29.375278429000048,-98.38256332199995,27.0,white,female,PUBLIC INTOXICATION
2019-01-07,01:56:00,29.4035928,-98.6275136,29.0,black,male,PUBLIC INTOXICATION
2019-01-07,00:15:00,29.5647727,-98.4869899,44.0,white,male,PUBLIC INTOXICATION
2019-01-06,01:27:00,29.423843,-98.4874621,35.0,white,male,PUBLIC INTOXICATION
2019-01-05,03:20:00,29.5156904,-98.4307947,29.0,hispanic,male,PUBLIC INTOXICATION
2019-01-12,18:30:00,29.529684000000035,-98.38023749999996,45.0,white,female,PUBLIC INTOXICATION
2019-01-09,19:15:00,29.429693,-98.524375,25.0,hispanic,female,PUBLIC INTOXICATION
2019-01-06,22:23:00,29.41945,-98.4567629,35.0,hispanic,female,POSSESSING DRUG PARAPHERNALIA
2019-01-08,14:23:00,29.3540511,-98.4360727,38.0,hispanic,male,POSSESSING DRUG PARAPHERNALIA
2019-01-17,02:22:00,29.4699895,-98.5525262,40.0,hispanic,male,PUBLIC INTOXICATION
2019-01-08,04:05:00,29.57230800000008,-98.43534899999996,32.0,hispanic,male,POSSESSING DRUG PARAPHERNALIA
2019-01-08,02:30:00,29.43252,-98.5252623,48.0,white,male,POSSESSING DRUG PARAPHERNALIA
2019-01-08,00:00:00,29.352843000000068,-98.56165499999996,20.0,white,female,POSSESSING DRUG PARAPHERNALIA
2019-01-09,00:30:00,29.4242103,-98.4876736,20.0,white,male,POSSESSING DRUG PARAPHERNALIA
2019-01-07,01:00:00,29.4463429,-98.5408173,37.0,hispanic,female,POSSESSING DRUG PARAPHERNALIA
2019-01-07,15:50:00,29.484122,-98.3817499,35.0,hispanic,female,POSSESSING DRUG PARAPHERNALIA
2019-01-09,18:34:00,29.5194677,-98.494108,31.0,hispanic,male,THEFT UNDER $100.00
2019-01-09,20:49:00,29.44586039999999,-98.5420702,29.0,hispanic,male,THEFT UNDER $100.00
2019-01-06,17:00:00,29.6017537,-98.4050082,49.0,white,male,POSSESSING DRUG PARAPHERNALIA
2019-01-06,21:45:00,29.4285475,-98.4832628,57.0,white,male,POSSESSING DRUG PARAPHERNALIA
2019-01-06,01:30:00,29.32454808600005,-98.55737284999998,30.0,hispanic,male,POSSESSING DRUG PARAPHERNALIA
2019-01-06,15:50:00,29.408122,-98.64264,45.0,hispanic,female,POSSESSING DRUG PARAPHERNALIA
2019-01-06,19:45:00,29.428321954000072,-98.52684926999996,30.0,hispanic,male,POSSESSING DRUG PARAPHERNALIA
2019-01-05,03:50:00,29.345364000000075,-98.51950349999998,35.0,hispanic,male,POSSESSING DRUG PARAPHERNALIA
2019-01-12,18:30:00,29.529684000000035,-98.38023749999996,45.0,white,female,POSSESSING DRUG PARAPHERNALIA
2019-01-05,18:40:00,29.394841118000045,-98.51666358499996,27.0,hispanic,female,POSSESSING DRUG PARAPHERNALIA
2019-01-03,21:58:00,29.4748601,-98.5356474,25.0,black,male,POSSESSING DRUG PARAPHERNALIA
2019-01-04,02:39:00,29.4889752,-98.5673348,22.0,white,male,POSSESSING DRUG PARAPHERNALIA
2019-01-04,18:48:00,29.5300837,-98.5596957,17.0,white,female,POSSESSING DRUG PARAPHERNALIA
2019-01-03,23:30:00,29.4795416,-98.3611912,27.0,black,male,PUBLIC INTOXICATION
2019-01-02,20:32:00,29.426212300000003,-98.5037257,43.0,white,male,PUBLIC INTOXICATION
2019-01-05,16:30:00,29.3574835,-98.5028384,41.0,white,female,THEFT UNDER $100.00
2019-01-07,07:29:00,29.46659591800005,-98.3687895,40.0,black,female,DRIVING WITHOUT PROOF OF FINANCIAL RESPONSIBILITY
2019-01-20,17:45:00,29.42483630000001,-98.5011962,38.0,white,male,SOLICITING FROM OCCUPANTS OF VEHICLES
2019-01-22,18:39:00,29.397742600000004,-98.5148641,46.0,white,male,THEFT UNDER $100.00
2019-01-22,10:22:00,29.5153952,-98.5285678,41.0,white,male,SOLICITING FROM OCCUPANTS OF VEHICLES
2019-01-23,19:50:00,29.4248829,-98.491904,68.0,hispanic,male,PUBLIC INTOXICATION
2019-01-14,15:56:00,29.3686322,-98.643896,55.0,white,male,SOLICITING FROM OCCUPANTS OF VEHICLES
2019-01-19,18:21:00,29.51505419999999,-98.5269888,36.0,hispanic,male,SOLICITING FROM OCCUPANTS OF VEHICLES
2019-01-02,13:20:00,29.46480039999999,-98.5260804,48.0,other,male,THEFT UNDER $100.00
2019-01-03,21:00:00,29.46480039999999,-98.5260804,47.0,white,male,THEFT UNDER $100.00
2019-01-06,14:25:00,29.46480039999999,-98.5260804,37.0,white,male,THEFT UNDER $100.00
2019-01-12,23:00:00,29.425967100000005,-98.4861419,21.0,hispanic,male,PUBLIC INTOXICATION
2019-01-13,00:30:00,29.4734936,-98.6282696,26.0,hispanic,male,PUBLIC INTOXICATION
2019-01-13,00:00:00,29.402387986000065,-98.63091228699992,37.0,white,male,PUBLIC INTOXICATION
2019-01-18,23:20:00,29.4734936,-98.6282696,34.0,white,male,POSSESSING DRUG PARAPHERNALIA
2019-01-18,20:15:00,29.3385187,-98.5549256,50.0,hispanic,male,THEFT UNDER $100.00
2019-01-18,23:07:00,29.413301300000004,-98.5683061,28.0,white,male,PUBLIC INTOXICATION
2019-01-05,17:29:00,29.565088300000006,-98.5917656,57.0,white,male,SOLICITING FROM OCCUPANTS OF VEHICLES
2019-01-18,22:05:00,29.357505000000057,-98.52331499999995,41.0,hispanic,male,PUBLIC INTOXICATION
2019-01-19,03:12:00,29.4340278,-98.5469012,31.0,white,male,PUBLIC INTOXICATION
2019-01-19,18:30:00,29.46344133500003,-98.301049268,29.0,black,female,POSSESSING DRUG PARAPHERNALIA
2019-01-19,13:00:00,29.3503207,-98.4366725,34.0,hispanic,male,POSSESSING DRUG PARAPHERNALIA
2019-01-18,18:30:00,29.512138300000004,-98.5355066,29.0,white,male,PUBLIC INTOXICATION
2019-01-18,12:30:00,29.401317000000063,-98.50890149999998,33.0,hispanic,female,POSSESSING DRUG PARAPHERNALIA
2019-01-17,21:30:00,29.4241557,-98.4885554,40.0,white,male,PUBLIC INTOXICATION
2019-01-18,22:02:00,29.4004358,-98.3860458,51.0,black,male,POSSESSING DRUG PARAPHERNALIA
2019-01-17,21:30:00,29.4241557,-98.4885554,24.0,hispanic,female,PUBLIC INTOXICATION
2019-01-18,02:32:00,29.4524881,-98.487147,22.0,hispanic,female,POSSESSING DRUG PARAPHERNALIA
2019-01-18,20:22:00,29.3791843,-98.4608047,42.0,white,male,PUBLIC INTOXICATION
2019-01-15,05:58:00,29.52126,-98.59169,26.0,white,male,PUBLIC INTOXICATION
2019-01-16,21:20:00,29.36149294800003,-98.49910688699998,37.0,white,male,PUBLIC INTOXICATION
2019-01-15,16:26:00,29.4347179,-98.5098675,38.0,hispanic,male,PUBLIC INTOXICATION
2019-01-16,04:15:00,29.44753129999999,-98.3381075,32.0,hispanic,male,PUBLIC INTOXICATION
2019-01-15,21:14:00,29.5166807,-98.4118474,36.0,white,male,PUBLIC INTOXICATION
2019-01-24,03:15:00,29.4092687,-98.5323878,23.0,hispanic,male,PUBLIC INTOXICATION
2019-01-17,22:40:00,29.3474111,-98.5397034,42.0,white,male,PUBLIC INTOXICATION
2019-01-18,15:09:00,29.51005500000008,-98.38421099999994,54.0,black,male,PUBLIC INTOXICATION
2019-01-24,00:00:00,29.42694000000006,-98.58928499999996,23.0,hispanic,female,PUBLIC INTOXICATION
2019-01-25,05:23:00,29.53753200000005,-98.67357899999996,24.0,white,male,PUBLIC INTOXICATION
2019-01-16,15:33:00,29.4248756,-98.5014474,52.0,hispanic,male,SOLICITING FROM OCCUPANTS OF VEHICLES
2019-01-15,16:08:00,29.47046869999999,-98.2940085,41.0,hispanic,male,SOLICITING FROM OCCUPANTS OF VEHICLES
2019-01-16,16:30:00,29.413354,-98.4322416,53.0,white,female,SOLICITING FROM OCCUPANTS OF VEHICLES
2019-01-25,04:04:00,29.47500000000008,-98.52097049999998,28.0,white,male,PUBLIC INTOXICATION
2019-01-05,15:33:00,29.44085400000006,-98.50509449999998,26.0,white,male,POSSESSING DRUG PARAPHERNALIA
2019-01-24,23:22:00,29.417013000000058,-98.48873249999995,31.0,white,male,PUBLIC INTOXICATION
2019-01-16,14:28:00,29.40404747800005,-98.648033522,46.0,white,male,POSSESSING DRUG PARAPHERNALIA
2019-01-16,09:38:00,30.03062312800006,-98.14635329799997,35.0,white,male,POSSESSING DRUG PARAPHERNALIA
2019-01-16,16:30:00,29.3975972,-98.5371134,40.0,white,male,POSSESSING DRUG PARAPHERNALIA
2019-01-15,01:12:00,29.428862853000048,-98.46100452199993,32.0,white,female,POSSESSING DRUG PARAPHERNALIA
2019-01-19,18:45:00,29.52823500000005,-98.55765449999996,25.0,white,female,POSSESSING DRUG PARAPHERNALIA
2019-01-08,00:22:00,29.53276989999999,-98.4116975,37.0,hispanic,male,PUBLIC INTOXICATION
2019-01-08,02:00:00,29.4337315,-98.713535,37.0,white,male,THEFT UNDER $100.00
2019-01-15,22:14:00,29.45853589999999,-98.5533896,25.0,black,male,THEFT UNDER $100.00
2019-01-16,15:40:00,29.41990909999999,-98.6511315,19.0,white,female,THEFT UNDER $100.00
2019-01-08,03:22:00,29.4337315,-98.713535,20.0,white,female,THEFT UNDER $100.00
2019-01-16,23:50:00,29.424566100000003,-98.4860043,36.0,white,female,PUBLIC INTOXICATION
2019-01-06,22:49:00,29.2850399,-98.4727158,35.0,white,male,POSSESSING DRUG PARAPHERNALIA
2019-01-09,19:15:00,29.4879817,-98.5375995,24.0,hispanic,male,POSSESSING DRUG PARAPHERNALIA
2019-01-08,18:37:00,29.6088917,-98.6024168,41.0,hispanic,male,PUBLIC INTOXICATION
2019-01-08,02:50:00,29.64967366400004,-98.622920493,32.0,white,male,POSSESSING DRUG PARAPHERNALIA
2019-01-08,02:50:00,29.64967366400004,-98.622920493,32.0,white,male,POSSESSING DRUG PARAPHERNALIA
2019-01-22,20:15:00,29.5810424,-98.51383,18.0,white,male,POSSESSING DRUG PARAPHERNALIA
2019-01-23,23:40:00,29.506748,-98.558239,37.0,white,female,POSSESSING DRUG PARAPHERNALIA
2019-01-13,18:39:00,29.42826939999999,-98.5716939,39.0,hispanic,male,PUBLIC INTOXICATION
2019-01-24,01:55:00,29.31455615500005,-98.61154810099998,34.0,white,female,POSSESSING DRUG PARAPHERNALIA
2019-01-23,01:05:00,29.48334030700005,-98.52606719299996,39.0,white,male,POSSESSING DRUG PARAPHERNALIA
2019-01-10,18:53:00,29.3791843,-98.4608047,53.0,white,male,THEFT UNDER $100.00
2019-01-25,17:00:00,29.40567260000001,-98.5296027,26.0,white,male,POSSESSING DRUG PARAPHERNALIA
2019-01-07,17:00:00,29.45853589999999,-98.5533896,48.0,hispanic,female,THEFT UNDER $100.00
2019-01-09,19:15:00,29.4879817,-98.5375995,24.0,hispanic,male,THEFT UNDER $100.00
2019-01-25,00:30:00,29.5298091,-98.5043729,33.0,hispanic,male,POSSESSING DRUG PARAPHERNALIA
2019-01-13,22:00:00,29.5147654,-98.4818457,49.0,white,male,THEFT UNDER $100.00
2019-01-22,00:00:00,29.375379,-98.4567349,53.0,white,male,SOLICITING FROM OCCUPANTS OF VEHICLES
2019-01-10,03:00:00,29.47035600000004,-98.49891149999996,25.0,white,male,POSSESSING DRUG PARAPHERNALIA
2019-01-15,20:10:00,29.508740000000003,-98.475307,55.0,hispanic,male,THEFT UNDER $100.00
2019-01-01,12:20:00,29.490733,-98.5520651,54.0,white,male,SOLICITING FROM OCCUPANTS OF VEHICLES
2019-01-01,15:40:00,29.37031200000008,-98.64214199999998,49.0,white,male,PUBLIC INTOXICATION
2019-01-19,23:42:00,29.4588995,-98.6235836,31.0,hispanic,female,POSSESSING DRUG PARAPHERNALIA
2019-01-02,19:53:00,29.348386600000005,-98.5405145,32.0,white,male,POSSESSING DRUG PARAPHERNALIA
2019-01-02,19:53:00,29.348386600000005,-98.5405145,32.0,white,male,THEFT UNDER $100.00
2019-01-03,18:56:00,29.50293600000003,-98.43514649999996,46.0,white,male,PUBLIC INTOXICATION
2019-01-02,02:25:00,29.5937885,-98.6263451,22.0,white,male,PUBLIC INTOXICATION
2019-01-02,21:18:00,29.6088917,-98.6024168,44.0,other,male,PUBLIC INTOXICATION
2019-01-02,20:40:00,29.4130337,-98.5289165,36.0,white,male,POSSESSING DRUG PARAPHERNALIA
2019-01-03,15:51:00,29.46165300000008,-98.55170099999998,31.0,white,female,POSSESSING DRUG PARAPHERNALIA
2019-01-03,10:50:00,29.413354,-98.4322416,23.0,white,male,POSSESSING DRUG PARAPHERNALIA
2019-01-13,14:21:00,29.41990909999999,-98.6511315,38.0,white,male,THEFT UNDER $100.00
2019-01-13,17:50:00,29.4879817,-98.5375995,25.0,white,male,THEFT UNDER $100.00
2019-01-12,19:08:00,29.4876773,-98.5883282,30.0,white,female,THEFT UNDER $100.00
2019-01-07,14:12:00,29.424267200000006,-98.4932305,55.0,white,male,PUBLIC INTOXICATION
2019-01-17,21:11:00,29.51658900000007,-98.69669999999996,28.0,white,male,POSSESSING DRUG PARAPHERNALIA
2019-01-18,15:33:00,29.425543,-98.62465,32.0,hispanic,female,POSSESSING DRUG PARAPHERNALIA
2019-01-03,15:51:00,29.46165300000008,-98.55170099999998,52.0,white,female,POSSESSING DRUG PARAPHERNALIA
2019-01-02,01:52:00,29.45726100000008,-98.48065049999995,24.0,hispanic,male,POSSESSING DRUG PARAPHERNALIA
2019-01-01,23:15:00,29.4313572,-98.5548486,39.0,white,male,POSSESSING DRUG PARAPHERNALIA
2019-01-22,18:11:00,29.4283822,-98.52454509999998,59.0,black,male,THEFT UNDER $100.00
2019-01-23,21:10:00,29.51834400000007,-98.42328899999995,59.0,black,female,PUBLIC INTOXICATION
2019-01-23,21:00:00,29.41990909999999,-98.6511315,32.0,white,female,THEFT UNDER $100.00
2019-01-21,02:00:00,29.48191200000008,-98.49311099999994,56.0,white,male,PUBLIC INTOXICATION
2019-01-20,05:46:00,29.466279000000046,-98.58005549999996,30.0,white,female,PUBLIC INTOXICATION
2019-01-19,20:42:00,29.40273329999999,-98.5034421,24.0,white,male,PUBLIC INTOXICATION
2019-01-05,11:50:00,29.42483630000001,-98.5011962,48.0,white,male,SOLICITING FROM OCCUPANTS OF VEHICLES
2019-01-19,15:43:00,29.6095138,-98.4807025,51.0,white,male,SOLICITING FROM OCCUPANTS OF VEHICLES
2019-01-26,03:05:00,29.418689500000006,-98.5178676,21.0,white,male,PUBLIC INTOXICATION
2019-01-26,03:15:00,29.512287,-98.5519735,29.0,hispanic,male,PUBLIC INTOXICATION
2019-01-17,15:54:00,29.569648200000003,-98.3868165,35.0,white,female,THEFT UNDER $100.00
2019-01-20,22:47:00,29.4171375,-98.65059730000002,30.0,hispanic,male,POSSESSING DRUG PARAPHERNALIA
2019-01-23,11:30:00,29.375154000000062,-98.3797335,32.0,white,male,POSSESSING DRUG PARAPHERNALIA
2019-01-20,00:09:00,29.573928000000024,-98.35493399999996,19.0,white,female,POSSESSING DRUG PARAPHERNALIA
2019-01-20,17:32:00,29.4690708,-98.621127,49.0,hispanic,male,POSSESSING DRUG PARAPHERNALIA
2019-01-20,03:48:00,29.56860900000004,-98.43022799999994,43.0,hispanic,female,POSSESSING DRUG PARAPHERNALIA
2019-01-22,23:40:00,29.437778958000024,-98.50627221699996,50.0,hispanic,male,POSSESSING DRUG PARAPHERNALIA
2019-01-20,03:40:00,29.56860900000004,-98.43022799999994,44.0,white,male,POSSESSING DRUG PARAPHERNALIA
2019-01-21,19:35:00,29.3385187,-98.5549256,17.0,white,male,THEFT UNDER $100.00
2019-01-20,15:40:00,29.53157879999999,-98.5616136,39.0,white,female,THEFT UNDER $100.00
2019-01-27,07:31:00,29.403009000000058,-98.49725549999994,32.0,white,male,PUBLIC INTOXICATION
2019-01-14,21:56:00,29.5298091,-98.5043729,29.0,white,male,PUBLIC INTOXICATION
2019-01-14,20:00:00,29.5875279,-98.3774869,24.0,white,male,POSSESSING DRUG PARAPHERNALIA
2019-01-14,18:00:00,29.45853589999999,-98.5533896,22.0,hispanic,male,THEFT UNDER $100.00
2019-01-13,21:37:00,29.44339655100004,-98.53627561999996,29.0,black,male,POSSESSING DRUG PARAPHERNALIA
2019-01-15,02:28:00,29.481449,-98.5429644,35.0,hispanic,male,POSSESSING DRUG PARAPHERNALIA
2019-01-15,13:00:00,29.47046869999999,-98.2940085,32.0,white,male,SOLICITING FROM OCCUPANTS OF VEHICLES
2019-01-15,15:28:00,29.47046869999999,-98.2940085,25.0,hispanic,male,SOLICITING FROM OCCUPANTS OF VEHICLES
2019-01-17,19:04:00,29.50125300000008,-98.53270199999996,41.0,white,male,PUBLIC INTOXICATION
2019-01-17,16:00:00,29.4365544,-98.5098401,45.0,white,male,PUBLIC INTOXICATION
2019-01-17,13:40:00,29.3719767,-98.5156948,19.0,hispanic,male,POSSESSING DRUG PARAPHERNALIA
2019-01-27,18:51:00,29.5149734,-98.5937407,38.0,white,male,POSSESSING DRUG PARAPHERNALIA
2019-01-27,18:12:00,29.4489858,-98.4875614,53.0,white,male,PUBLIC INTOXICATION
2019-01-17,02:54:00,29.39620236400004,-98.45667636399996,33.0,hispanic,male,POSSESSING DRUG PARAPHERNALIA
2019-01-27,02:36:00,29.431908000000075,-98.52273899999994,30.0,hispanic,male,PUBLIC INTOXICATION
2019-01-26,22:00:00,29.4241557,-98.4885554,38.0,black,male,PUBLIC INTOXICATION
2019-01-27,00:26:00,29.604264760000035,-98.45854365599996,20.0,white,male,POSSESSING DRUG PARAPHERNALIA
2019-01-17,03:58:00,29.57867469999999,-98.37291220000002,51.0,white,male,POSSESSING DRUG PARAPHERNALIA
2019-01-28,17:28:00,29.4042446,-98.6293609,32.0,hispanic,male,POSSESSING DRUG PARAPHERNALIA
2019-01-16,23:33:00,29.40561900000006,-98.45654399999997,28.0,white,male,PUBLIC INTOXICATION
2019-01-17,00:50:00,29.490733,-98.5520651,39.0,white,female,POSSESSING DRUG PARAPHERNALIA
2019-01-16,21:00:00,29.4097515,-98.4957322,32.0,hispanic,male,PUBLIC INTOXICATION
2019-01-16,21:14:00,29.4097515,-98.4957322,27.0,white,female,PUBLIC INTOXICATION
2019-01-28,10:53:00,29.5081262,-98.5812125,57.0,white,male,SOLICITING FROM OCCUPANTS OF VEHICLES
2019-01-26,02:40:00,29.36508300000003,-98.52730199999996,22.0,hispanic,male,PUBLIC INTOXICATION
2019-01-26,02:23:00,29.440278000000035,-98.67624299999994,26.0,white,female,PUBLIC INTOXICATION
2019-01-26,03:16:00,29.403423000000032,-98.64845099999997,26.0,white,male,PUBLIC INTOXICATION
2019-01-26,22:36:00,29.50701,-98.4998106,62.0,white,male,PUBLIC INTOXICATION
2019-01-17,23:52:00,29.447212300000004,-98.5423404,45.0,hispanic,male,THEFT UNDER $100.00
2019-01-26,00:00:00,29.5077144,-98.374743,33.0,black,male,PUBLIC INTOXICATION
2019-01-17,23:52:00,29.447212300000004,-98.5423404,45.0,hispanic,male,PUBLIC INTOXICATION
2019-01-16,21:11:00,29.4263506,-98.461095,56.0,white,male,PUBLIC INTOXICATION
2019-01-28,12:30:00,29.4457119,-98.6595625,30.0,white,male,POSSESSING DRUG PARAPHERNALIA
2019-01-26,17:47:00,29.6088917,-98.6024168,35.0,white,male,POSSESSING DRUG PARAPHERNALIA
2019-01-26,19:29:00,29.3385187,-98.5549256,30.0,white,male,THEFT UNDER $100.00
2019-01-27,13:00:00,29.4913867,-98.4336733,59.0,white,male,SOLICITING FROM OCCUPANTS OF VEHICLES
2019-01-27,13:45:00,29.5976559,-98.3507851,27.0,white,female,POSSESSING DRUG PARAPHERNALIA
2019-01-28,04:50:00,29.404643,-98.6329263,27.0,white,male,PUBLIC INTOXICATION
2019-01-28,00:10:00,29.4237592,-98.4885536,29.0,hispanic,male,PUBLIC INTOXICATION
2019-01-28,23:00:00,29.520117000000035,-98.55697049999998,23.0,white,male,PUBLIC INTOXICATION
2019-01-27,20:41:00,29.41990909999999,-98.6511315,27.0,white,male,THEFT UNDER $100.00
2019-01-25,12:59:00,29.365235971000057,-98.44083303899998,30.0,white,male,POSSESSING DRUG PARAPHERNALIA
2019-01-01,16:24:00,29.5081262,-98.5812125,28.0,white,male,SOLICITING FROM OCCUPANTS OF VEHICLES
2019-01-01,13:08:00,29.47046869999999,-98.2940085,51.0,white,male,SOLICITING FROM OCCUPANTS OF VEHICLES
2019-01-19,17:32:00,29.565088300000006,-98.5917656,57.0,white,male,SOLICITING FROM OCCUPANTS OF VEHICLES
2019-01-05,17:51:00,29.3308418,-98.5830108,74.0,white,female,SOLICITING FROM OCCUPANTS OF VEHICLES
2019-01-01,18:08:00,29.5134285,-98.554448,41.0,white,male,SOLICITING FROM OCCUPANTS OF VEHICLES
2019-01-01,16:25:00,29.5774844,-98.5468641,26.0,white,female,SOLICITING FROM OCCUPANTS OF VEHICLES
2019-01-01,14:05:00,29.4664725,-98.4992779,59.0,white,male,SOLICITING FROM OCCUPANTS OF VEHICLES
2019-01-01,03:40:00,29.4194174,-98.4780371,28.0,hispanic,male,PUBLIC INTOXICATION
2019-01-01,21:00:00,29.520113,-98.5049302,42.0,white,male,THEFT UNDER $100.00
2019-01-23,11:50:00,29.4842514,-98.5343102,52.0,white,male,SOLICITING FROM OCCUPANTS OF VEHICLES
2019-01-29,12:24:00,29.6041243,-98.6064602,51.0,white,male,SOLICITING FROM OCCUPANTS OF VEHICLES
2019-01-29,12:57:00,29.5522745,-98.6631956,57.0,white,male,SOLICITING FROM OCCUPANTS OF VEHICLES
2019-01-02,17:02:00,29.35776,-98.524687,43.0,hispanic,male,SOLICITING FROM OCCUPANTS OF VEHICLES
2019-01-08,21:10:00,29.4252927,-98.4946938,39.0,white,female,THEFT UNDER $100.00
2019-01-02,14:29:00,29.41990909999999,-98.6511315,22.0,black,female,THEFT UNDER $100.00
2019-01-28,23:22:00,29.471349,-98.623998,60.0,black,male,PUBLIC INTOXICATION
2019-01-23,21:00:00,29.41990909999999,-98.6511315,33.0,white,male,THEFT UNDER $100.00
2019-01-02,12:30:00,29.38964400000004,-98.46075599999996,31.0,hispanic,male,PUBLIC INTOXICATION
2019-01-30,16:03:00,29.4840787,-98.4071865,51.0,white,male,SOLICITING FROM OCCUPANTS OF VEHICLES
2019-01-30,03:30:00,29.37636948700004,-98.44192979399998,19.0,black,female,POSSESSING DRUG PARAPHERNALIA
2019-01-31,17:00:00,29.4283822,-98.52454509999998,28.0,hispanic,male,THEFT UNDER $100.00
2019-01-31,01:40:00,29.425112,-98.487873,23.0,white,male,PUBLIC INTOXICATION
2019-01-28,20:24:00,29.4426999,-98.642356,23.0,white,female,THEFT UNDER $100.00
2019-01-28,20:33:00,29.41990909999999,-98.6511315,43.0,white,male,THEFT UNDER $100.00
2019-01-27,16:30:00,29.41990909999999,-98.6511315,25.0,hispanic,female,THEFT UNDER $100.00
2019-01-28,20:09:00,29.5075448,-98.45827,55.0,hispanic,male,PUBLIC INTOXICATION
2019-01-29,15:23:00,29.4322417,-98.4522115,32.0,hispanic,male,SOLICITING FROM OCCUPANTS OF VEHICLES
2019-01-29,14:30:00,29.43756347800007,-98.46102947799992,56.0,hispanic,female,SOLICITING FROM OCCUPANTS OF VEHICLES
2019-01-29,15:23:00,29.4322417,-98.4522115,28.0,white,male,SOLICITING FROM OCCUPANTS OF VEHICLES
2019-01-31,15:53:00,29.5494725,-98.662983,44.0,white,female,SOLICITING FROM OCCUPANTS OF VEHICLES
2019-01-31,15:30:00,29.5615036,-98.3826773,26.0,white,male,SOLICITING FROM OCCUPANTS OF VEHICLES
2019-01-30,02:07:00,29.56262836800005,-98.33881514599994,32.0,hispanic,male,POSSESSING DRUG PARAPHERNALIA
2019-01-29,05:40:00,29.4789815,-98.5428327,25.0,black,male,POSSESSING DRUG PARAPHERNALIA
2019-01-29,15:20:00,29.358666000000035,-98.53469549999994,20.0,white,male,POSSESSING DRUG PARAPHERNALIA
2019-01-29,12:00:00,29.5537098,-98.6632215,53.0,hispanic,female,THEFT UNDER $100.00
2019-01-03,17:00:00,29.4237957,-98.4886253,59.0,white,male,PUBLIC INTOXICATION
2019-02-07,04:33:00,29.35965600000004,-98.56560149999996,54.0,white,male,PUBLIC INTOXICATION
2019-02-05,23:06:00,29.4668317,-98.6963686,29.0,black,male,PUBLIC INTOXICATION
2019-02-06,16:20:00,29.4199475,-98.5275822,23.0,white,female,PUBLIC INTOXICATION
2019-02-06,17:40:00,29.42514265500006,-98.46209329199996,74.0,black,male,PUBLIC INTOXICATION
2019-02-03,01:30:00,29.5235877,-98.504755,36.0,white,male,PUBLIC INTOXICATION
2019-02-03,15:30:00,29.5397237,-98.5519709,25.0,white,male,PUBLIC INTOXICATION
2019-02-03,23:47:00,29.417841,-98.669947,39.0,hispanic,male,PUBLIC INTOXICATION
2019-02-03,23:09:00,29.51921029999999,-98.6054292,32.0,white,male,PUBLIC INTOXICATION
2019-01-15,20:25:00,29.42377200000004,-98.48846249999995,31.0,white,female,POSSESSING DRUG PARAPHERNALIA
2019-02-04,13:00:00,29.3770262,-98.4479418,30.0,hispanic,male,POSSESSING DRUG PARAPHERNALIA
2019-01-15,00:00:00,29.441719800000005,-98.4942016,26.0,white,female,POSSESSING DRUG PARAPHERNALIA
2019-02-06,15:19:00,29.4015726,-98.4046752,31.0,white,male,POSSESSING DRUG PARAPHERNALIA
2019-02-06,21:00:00,29.425250899999995,-98.4851469,20.0,white,male,POSSESSING DRUG PARAPHERNALIA
2019-02-03,03:45:00,29.447212300000004,-98.5423404,35.0,white,male,PUBLIC INTOXICATION
2019-02-03,03:45:00,29.447212300000004,-98.5423404,35.0,white,male,THEFT UNDER $100.00
2019-02-06,14:57:00,29.3791843,-98.4608047,29.0,white,female,THEFT UNDER $100.00
2019-02-04,13:35:00,29.5038958,-98.4823173,29.0,white,female,THEFT UNDER $100.00
2019-02-01,18:00:00,29.37633300000005,-98.50490999999994,58.0,white,male,THEFT UNDER $100.00
2019-02-01,18:00:00,29.37633300000005,-98.50490999999994,58.0,white,male,PUBLIC INTOXICATION
2019-02-02,00:40:00,29.241917,-98.4738079,46.0,black,male,POSSESSING DRUG PARAPHERNALIA
2019-02-02,17:51:00,29.4742639,-98.3602088,65.0,black,male,PUBLIC INTOXICATION
2019-02-02,22:45:00,29.5315916,-98.448981,28.0,white,male,POSSESSING DRUG PARAPHERNALIA
2019-01-31,14:00:00,29.41125300000005,-98.53812449999998,17.0,hispanic,male,POSSESSING DRUG PARAPHERNALIA
2019-01-31,22:00:00,29.51828100000006,-98.59630949999996,39.0,white,female,PUBLIC INTOXICATION
2019-01-31,19:20:00,29.5489659,-98.40722300000002,38.0,white,female,THEFT UNDER $100.00
2019-01-31,02:09:00,29.568060000000056,-98.59096799999998,30.0,hispanic,male,POSSESSING DRUG PARAPHERNALIA
2019-01-31,15:55:00,29.54888261300005,-98.36303279199996,45.0,hispanic,male,SOLICITING FROM OCCUPANTS OF VEHICLES
2019-01-31,14:07:00,29.379784,-98.461219,52.0,white,male,SOLICITING FROM OCCUPANTS OF VEHICLES
2019-02-01,01:17:00,29.430985,-98.526581,36.0,white,male,POSSESSING DRUG PARAPHERNALIA
2019-01-30,13:30:00,29.4231089,-98.4844838,27.0,black,male,POSSESSING DRUG PARAPHERNALIA
2019-01-31,21:35:00,29.499592600000003,-98.5270031,29.0,white,male,POSSESSING DRUG PARAPHERNALIA
2019-01-30,14:40:00,29.50967700000007,-98.38284299999998,54.0,black,male,PUBLIC INTOXICATION
2019-01-31,21:35:00,29.499592600000003,-98.5270031,29.0,white,male,PUBLIC INTOXICATION
2019-01-30,21:45:00,29.4755136,-98.6574928,36.0,black,male,POSSESSING DRUG PARAPHERNALIA
2019-01-31,19:00:00,29.4253979,-98.499438,26.0,white,male,PUBLIC INTOXICATION
2019-02-01,03:05:00,29.5717261,-98.6320242,28.0,white,male,PUBLIC INTOXICATION
2019-02-01,02:14:00,29.5635645,-98.4201699,38.0,white,male,PUBLIC INTOXICATION
2019-02-01,15:55:00,29.5535339,-98.4069433,55.0,hispanic,male,THEFT UNDER $100.00
2019-02-01,14:06:00,29.4337315,-98.713535,36.0,hispanic,female,THEFT UNDER $100.00
2019-02-01,18:45:00,29.6116828,-98.5948273,24.0,hispanic,female,POSSESSING DRUG PARAPHERNALIA
2019-01-09,10:50:00,29.3791843,-98.4608047,14.0,white,female,THEFT UNDER $100.00
2019-01-14,15:28:00,29.5615036,-98.3826773,51.0,black,female,DRIVING WITHOUT PROOF OF FINANCIAL RESPONSIBILITY
2019-01-15,19:15:00,29.41990909999999,-98.6511315,16.0,white,male,THEFT UNDER $100.00
2019-02-03,03:16:00,29.440852476000032,-98.47018421899998,21.0,white,female,PUBLIC INTOXICATION
2019-02-03,03:19:00,29.55555280100004,-98.40084137399998,65.0,white,male,POSSESSING DRUG PARAPHERNALIA
2019-02-03,15:25:00,29.36029440200008,-98.49898273499996,31.0,hispanic,female,PUBLIC INTOXICATION
2019-02-03,17:33:00,29.4351139,-98.4060654,45.0,white,female,PUBLIC INTOXICATION
2019-02-03,20:37:00,29.42009100000007,-98.55634949999995,41.0,white,male,POSSESSING DRUG PARAPHERNALIA
2019-01-09,21:49:00,29.452598100000003,-98.5081949,28.0,white,female,DRIVING WITHOUT PROOF OF FINANCIAL RESPONSIBILITY
2019-02-03,20:33:00,29.3791843,-98.4608047,27.0,white,female,THEFT UNDER $100.00
2019-01-25,14:50:00,29.43878400000005,-98.50335749999994,16.0,black,female,POSSESSING DRUG PARAPHERNALIA
2019-01-16,14:25:00,29.4004358,-98.3860458,15.0,hispanic,male,THEFT UNDER $100.00
2019-01-23,14:45:00,29.45853589999999,-98.5533896,15.0,white,female,THEFT UNDER $100.00
2019-02-03,22:47:00,29.4385622,-98.5255094,39.0,white,male,POSSESSING DRUG PARAPHERNALIA
2019-01-16,14:25:00,29.4004358,-98.3860458,15.0,hispanic,female,THEFT UNDER $100.00
2019-02-04,15:08:00,29.4283822,-98.52454509999998,59.0,black,female,PUBLIC INTOXICATION
2019-02-05,14:00:00,29.2872487,-98.4727344,45.0,white,male,THEFT UNDER $100.00
2019-01-10,16:15:00,29.4250448,-98.4937533,68.0,hispanic,male,PUBLIC INTOXICATION
2019-01-10,16:50:00,29.43180499999999,-98.5236125,42.0,white,male,SOLICITING FROM OCCUPANTS OF VEHICLES
2019-01-06,17:54:00,29.565088300000006,-98.5917656,41.0,white,male,SOLICITING FROM OCCUPANTS OF VEHICLES
2019-02-05,15:10:00,29.379784,-98.461219,54.0,hispanic,male,SOLICITING FROM OCCUPANTS OF VEHICLES
2019-02-05,17:00:00,29.43150309999999,-98.6509389,36.0,hispanic,male,POSSESSING DRUG PARAPHERNALIA
2019-02-04,00:12:00,29.49904810100003,-98.518339272,37.0,white,male,POSSESSING DRUG PARAPHERNALIA
2019-02-04,17:30:00,29.4238381,-98.4607129,48.0,white,female,POSSESSING DRUG PARAPHERNALIA
2019-02-04,18:30:00,29.3650898,-98.4415962,27.0,hispanic,female,POSSESSING DRUG PARAPHERNALIA
2019-01-05,16:30:00,29.4287391,-98.4977508,42.0,white,male,SOLICITING FROM OCCUPANTS OF VEHICLES
2019-01-04,10:49:00,29.45853589999999,-98.5533896,24.0,hispanic,male,THEFT UNDER $100.00
2019-01-01,18:08:00,29.5134285,-98.554448,41.0,white,male,SOLICITING FROM OCCUPANTS OF VEHICLES
2019-02-04,21:20:00,29.483849600000006,-98.5977881,22.0,white,male,THEFT UNDER $100.00
2019-02-05,03:58:00,29.386500280000067,-98.48998760999996,65.0,white,male,PUBLIC INTOXICATION
2019-02-04,21:37:00,29.51879400000007,-98.42198399999997,31.0,black,male,PUBLIC INTOXICATION
2019-01-01,16:25:00,29.4549285,-98.6525998,26.0,white,female,SOLICITING FROM OCCUPANTS OF VEHICLES
2019-02-05,04:41:00,29.509416000000048,-98.50102649999997,42.0,hispanic,male,PUBLIC INTOXICATION
2019-01-01,14:05:00,29.4664725,-98.4992779,59.0,white,male,SOLICITING FROM OCCUPANTS OF VEHICLES
2019-02-05,11:00:00,29.513664000000063,-98.39419199999998,33.0,hispanic,male,THEFT UNDER $100.00
2019-01-01,03:40:00,29.4194174,-98.4780371,28.0,hispanic,male,PUBLIC INTOXICATION
2019-02-05,00:00:00,29.513664000000063,-98.39419199999998,38.0,hispanic,male,THEFT UNDER $100.00
2019-02-03,01:50:00,29.3563782,-98.5151429,39.0,white,male,POSSESSING DRUG PARAPHERNALIA
2019-02-07,12:29:00,29.34634310000001,-98.4276876,56.0,white,male,POSSESSING DRUG PARAPHERNALIA
2019-02-07,11:35:00,29.4263446,-98.4911626,55.0,white,male,PUBLIC INTOXICATION
2019-02-06,19:00:00,29.3791843,-98.4608047,43.0,white,female,THEFT UNDER $100.00
2019-01-27,13:10:00,29.46480039999999,-98.5260804,32.0,white,female,THEFT UNDER $100.00
2019-02-02,10:50:00,29.4226564,-98.4877193,22.0,black,female,THEFT UNDER $100.00
2019-02-04,19:07:00,29.5932545,-98.6109568,30.0,white,male,THEFT UNDER $100.00
2019-02-07,14:50:00,29.45853589999999,-98.5533896,58.0,white,female,THEFT UNDER $100.00
2019-01-03,22:45:00,29.359462,-98.6342722,32.0,hispanic,female,THEFT UNDER $100.00
2019-01-03,22:55:00,29.359462,-98.6342722,32.0,hispanic,male,THEFT UNDER $100.00
2019-01-21,14:40:00,29.42396399999999,-98.488288,58.0,black,female,THEFT UNDER $100.00
2019-02-04,19:32:00,29.3683843,-98.4705713,44.0,white,male,PUBLIC INTOXICATION
2019-01-08,05:03:00,29.3791843,-98.4608047,17.0,hispanic,female,THEFT UNDER $100.00
2019-02-05,15:18:00,29.5050817,-98.3987269,67.0,white,male,SOLICITING FROM OCCUPANTS OF VEHICLES
2019-01-08,05:03:00,29.3791843,-98.4608047,17.0,white,female,THEFT UNDER $100.00
2019-02-04,21:10:00,29.3385187,-98.5549256,37.0,white,male,THEFT UNDER $100.00
2019-01-05,14:53:00,29.3791843,-98.4608047,44.0,hispanic,female,THEFT UNDER $100.00
2019-02-04,21:20:00,29.483849600000006,-98.5977881,18.0,black,male,THEFT UNDER $100.00
2019-01-04,17:54:00,29.3385187,-98.5549256,28.0,white,male,THEFT UNDER $100.00
2019-01-06,19:03:00,29.41990909999999,-98.6511315,34.0,hispanic,male,THEFT UNDER $100.00
2019-02-04,21:20:00,29.483849600000006,-98.5977881,18.0,black,male,POSSESSING DRUG PARAPHERNALIA
2019-01-05,17:12:00,29.4148197,-98.4066115,45.0,black,male,POSSESSING DRUG PARAPHERNALIA
2019-02-06,17:00:00,29.4371035,-98.4900773,30.0,white,male,SOLICITING FROM OCCUPANTS OF VEHICLES
2019-02-02,00:47:00,29.41990909999999,-98.6511315,36.0,hispanic,female,THEFT UNDER $100.00
2019-02-06,15:00:00,29.4725744,-98.5341442,48.0,white,male,PUBLIC INTOXICATION
2019-01-01,04:26:00,29.45681095000004,-98.55578328899998,41.0,black,male,POSSESSING DRUG PARAPHERNALIA
2019-01-25,14:00:00,29.4849854,-98.6649918,38.0,white,male,THEFT UNDER $100.00
2019-02-04,15:49:00,29.6061344,-98.5084397,42.0,white,male,SOLICITING FROM OCCUPANTS OF VEHICLES
2019-01-02,16:41:00,29.53157879999999,-98.5616136,26.0,white,male,POSSESSING DRUG PARAPHERNALIA
2019-01-03,10:09:00,29.474366600000003,-98.5165167,24.0,white,male,SOLICITING FROM OCCUPANTS OF VEHICLES
2019-01-01,16:12:00,29.5774844,-98.5468641,26.0,hispanic,male,SOLICITING FROM OCCUPANTS OF VEHICLES
2019-01-08,18:14:00,29.565088300000006,-98.5917656,52.0,white,male,SOLICITING FROM OCCUPANTS OF VEHICLES
2019-01-03,11:45:00,29.53122936800003,-98.56289834299996,51.0,white,male,SOLICITING FROM OCCUPANTS OF VEHICLES
2019-01-05,11:13:00,29.5571249,-98.6149714,37.0,white,male,SOLICITING FROM OCCUPANTS OF VEHICLES
2019-01-04,11:43:00,29.350929200000003,-98.5341944,32.0,hispanic,male,SOLICITING FROM OCCUPANTS OF VEHICLES
2019-01-09,05:07:00,29.555622000000035,-98.38195649999994,56.0,black,male,POSSESSING DRUG PARAPHERNALIA
2019-01-08,08:45:00,29.516727000000003,-98.416303,53.0,white,male,SOLICITING FROM OCCUPANTS OF VEHICLES
2019-02-03,22:12:00,29.52855900000004,-98.50195799999996,55.0,black,male,PUBLIC INTOXICATION
2019-02-02,17:35:00,29.42483630000001,-98.5011962,55.0,white,male,SOLICITING FROM OCCUPANTS OF VEHICLES
2019-02-03,18:30:00,29.3553567,-98.4331423,28.0,white,female,POSSESSING DRUG PARAPHERNALIA
2019-01-08,10:25:00,29.5218435,-98.6008176,59.0,black,male,SOLICITING FROM OCCUPANTS OF VEHICLES
2019-01-14,12:50:00,29.4221462,-98.5089102,38.0,black,male,SOLICITING FROM OCCUPANTS OF VEHICLES
2019-01-12,12:00:00,29.4250448,-98.4937533,50.0,black,male,PUBLIC INTOXICATION
2019-01-18,18:46:00,29.5976559,-98.3507851,17.0,white,male,THEFT UNDER $100.00
2019-01-12,16:13:00,29.423543936000048,-98.488012252,55.0,white,male,PUBLIC INTOXICATION
2019-01-04,12:11:00,29.4283822,-98.52454509999998,37.0,hispanic,female,THEFT UNDER $100.00
2019-01-05,17:57:00,29.4376892,-98.4890406,33.0,hispanic,female,SOLICITING FROM OCCUPANTS OF VEHICLES
2019-01-05,20:05:00,29.359462,-98.6342722,27.0,hispanic,male,THEFT UNDER $100.00
2019-01-10,00:30:00,29.3548225,-98.4812441,37.0,white,male,POSSESSING DRUG PARAPHERNALIA
2019-01-10,10:25:00,29.4246107,-98.4604967,29.0,hispanic,male,THEFT UNDER $100.00
2019-01-05,11:30:00,29.4238009,-98.4836401,31.0,white,male,POSSESSING DRUG PARAPHERNALIA
2019-01-07,14:57:00,29.45853589999999,-98.5533896,50.0,white,male,THEFT UNDER $100.00
2019-01-06,11:20:00,29.41990909999999,-98.6511315,30.0,hispanic,male,THEFT UNDER $100.00
2019-01-05,08:00:00,29.49291629999999,-98.554913,41.0,white,male,SOLICITING FROM OCCUPANTS OF VEHICLES
2019-01-05,18:09:00,29.606932,-98.516347,21.0,white,male,SOLICITING FROM OCCUPANTS OF VEHICLES
2019-01-05,08:49:00,29.41990909999999,-98.6511315,22.0,hispanic,male,THEFT UNDER $100.00
2019-01-03,14:34:00,29.3987098,-98.3909888,31.0,hispanic,male,POSSESSING DRUG PARAPHERNALIA
2019-01-04,12:00:00,29.4690708,-98.621127,45.0,hispanic,female,THEFT UNDER $100.00
2019-01-03,14:30:00,29.3987098,-98.3909888,32.0,white,female,POSSESSING DRUG PARAPHERNALIA
2019-01-02,11:25:00,29.427868100000005,-98.4820493,34.0,white,male,SOLICITING FROM OCCUPANTS OF VEHICLES
2019-01-06,13:30:00,29.417841,-98.669947,56.0,hispanic,female,SOLICITING FROM OCCUPANTS OF VEHICLES
2019-02-10,20:58:00,29.6088917,-98.6024168,17.0,white,male,POSSESSING DRUG PARAPHERNALIA
2019-02-10,21:00:00,29.4805413,-98.6061471,27.0,white,male,PUBLIC INTOXICATION
2019-01-05,19:06:00,29.515152845000053,-98.52633333899996,27.0,hispanic,female,SOLICITING FROM OCCUPANTS OF VEHICLES
2019-01-05,19:06:00,29.51505419999999,-98.5269888,36.0,hispanic,male,SOLICITING FROM OCCUPANTS OF VEHICLES
2019-02-11,09:34:00,29.4079497,-98.4848927,26.0,white,male,PUBLIC INTOXICATION
2019-01-03,18:09:00,29.51611305600005,-98.52757786999996,55.0,white,male,SOLICITING FROM OCCUPANTS OF VEHICLES
2019-01-03,16:00:00,29.4409959,-98.4986919,30.0,black,male,THEFT UNDER $100.00
2019-01-07,14:10:00,29.351657300000007,-98.4349447,74.0,hispanic,female,SOLICITING FROM OCCUPANTS OF VEHICLES
2019-01-07,15:31:00,29.350929200000003,-98.5341944,32.0,hispanic,male,SOLICITING FROM OCCUPANTS OF VEHICLES
2019-02-11,16:08:00,29.4258842,-98.46333,39.0,hispanic,female,POSSESSING DRUG PARAPHERNALIA
2019-02-11,19:48:00,29.3385187,-98.5549256,35.0,white,male,THEFT UNDER $100.00
2019-01-04,23:36:00,29.46550749700004,-98.50985105499996,48.0,hispanic,male,POSSESSING DRUG PARAPHERNALIA
2019-02-10,02:47:00,29.283565000000007,-98.3943047,33.0,hispanic,male,PUBLIC INTOXICATION
2019-02-11,19:13:00,29.3385187,-98.5549256,28.0,white,male,THEFT UNDER $100.00
2019-02-10,01:50:00,29.425112,-98.487873,25.0,hispanic,male,PUBLIC INTOXICATION
2019-02-11,19:13:00,29.3385187,-98.5549256,28.0,white,male,POSSESSING DRUG PARAPHERNALIA
2019-02-10,02:09:00,29.4240336,-98.4876467,30.0,white,female,PUBLIC INTOXICATION
2019-02-11,23:46:00,29.55454825700008,-98.66513573899994,19.0,white,female,POSSESSING DRUG PARAPHERNALIA
2019-01-06,22:00:00,29.565088300000006,-98.5917656,47.0,white,male,SOLICITING FROM OCCUPANTS OF VEHICLES
2019-02-09,18:03:00,29.48743529999999,-98.6681378,23.0,white,male,PUBLIC INTOXICATION
2019-02-09,01:54:00,29.453533,-98.4839175,27.0,white,male,PUBLIC INTOXICATION
2019-02-09,02:20:00,29.333187000000063,-98.60611049999994,22.0,white,male,PUBLIC INTOXICATION
2019-01-01,23:38:00,29.379816000000066,-98.457948,31.0,hispanic,female,THEFT UNDER $100.00
2019-02-09,02:45:00,29.511154,-98.5388437,30.0,white,male,PUBLIC INTOXICATION
2019-02-09,05:30:00,29.42798400000004,-98.65457549999996,32.0,black,male,PUBLIC INTOXICATION
2019-01-07,17:52:00,29.591817100000004,-98.5118688,49.0,white,male,SOLICITING FROM OCCUPANTS OF VEHICLES
2019-02-09,19:44:00,29.61262800000004,-98.49729599999996,61.0,hispanic,male,PUBLIC INTOXICATION
2019-01-08,14:00:00,29.3519438,-98.4310982,56.0,white,male,SOLICITING FROM OCCUPANTS OF VEHICLES
2019-02-11,02:56:00,29.4299049,-98.5051757,58.0,white,male,PUBLIC INTOXICATION
2019-01-06,17:35:00,29.4936372,-98.4316333,19.0,white,female,THEFT UNDER $100.00
2019-01-08,04:52:00,29.4337315,-98.713535,23.0,white,female,THEFT UNDER $100.00
2019-02-09,17:45:00,29.3972679,-98.5608138,38.0,white,male,POSSESSING DRUG PARAPHERNALIA
2019-02-08,00:33:00,29.45346607700003,-98.60254156899998,21.0,hispanic,male,POSSESSING DRUG PARAPHERNALIA
2019-02-12,02:25:00,29.423143,-98.4829175,46.0,hispanic,male,PUBLIC INTOXICATION
2019-02-10,10:23:00,29.412657000000024,-98.57285099999996,33.0,white,female,THEFT UNDER $100.00
2019-01-06,17:52:00,29.438232,-98.3807313,48.0,white,male,SOLICITING FROM OCCUPANTS OF VEHICLES
2019-01-06,17:17:00,29.4376892,-98.4890406,39.0,white,female,SOLICITING FROM OCCUPANTS OF VEHICLES
2019-01-03,12:56:00,29.590218166000056,-98.607581451,28.0,white,male,SOLICITING FROM OCCUPANTS OF VEHICLES
2019-01-03,12:00:00,29.41834260000001,-98.5924543,35.0,white,female,SOLICITING FROM OCCUPANTS OF VEHICLES
2019-01-18,09:47:00,29.4252927,-98.4946938,60.0,white,male,THEFT UNDER $100.00
2019-02-08,13:50:00,29.439105600000005,-98.6495241,34.0,hispanic,male,THEFT UNDER $100.00
2019-01-10,16:51:00,29.5050817,-98.3987269,33.0,hispanic,female,SOLICITING FROM OCCUPANTS OF VEHICLES
2019-01-02,11:36:00,29.359462,-98.6342722,32.0,white,female,THEFT UNDER $100.00
2019-01-07,14:31:00,29.3791843,-98.4608047,44.0,white,female,THEFT UNDER $100.00
2019-01-07,23:22:00,29.3791843,-98.4608047,40.0,white,male,THEFT UNDER $100.00
2019-01-03,21:04:00,29.41990909999999,-98.6511315,21.0,hispanic,male,THEFT UNDER $100.00
2019-01-06,12:27:00,29.3791843,-98.4608047,56.0,hispanic,female,THEFT UNDER $100.00
2019-01-07,19:25:00,29.46480039999999,-98.5260804,31.0,hispanic,male,THEFT UNDER $100.00
2019-01-06,18:31:00,29.6124137,-98.4706999,51.0,white,female,THEFT UNDER $100.00
2019-01-07,18:05:00,29.46480039999999,-98.5260804,40.0,white,female,THEFT UNDER $100.00
2019-01-05,15:46:00,29.5535339,-98.4069433,56.0,white,female,THEFT UNDER $100.00
2019-01-06,20:20:00,29.4879817,-98.5375995,30.0,white,male,THEFT UNDER $100.00
2019-01-06,22:02:00,29.4879817,-98.5375995,18.0,hispanic,female,THEFT UNDER $100.00
2019-01-02,19:50:00,29.5188369,-98.6334203,27.0,white,male,THEFT UNDER $100.00
2019-01-08,21:44:00,29.5537098,-98.6632215,39.0,white,male,THEFT UNDER $100.00
2019-01-08,13:45:00,29.3519438,-98.4310982,67.0,white,male,SOLICITING FROM OCCUPANTS OF VEHICLES
2019-01-09,12:50:00,29.3791843,-98.4608047,30.0,hispanic,female,THEFT UNDER $100.00
2019-01-04,18:35:00,29.501144300000004,-98.1851656,49.0,white,male,SOLICITING FROM OCCUPANTS OF VEHICLES
2019-01-09,00:09:00,29.588922000000025,-98.62437149999994,26.0,white,male,PUBLIC INTOXICATION
2019-01-21,13:01:00,29.4209779,-98.489813,55.0,white,male,PUBLIC INTOXICATION
2019-02-13,16:40:00,29.42763704700008,-98.47467159499996,24.0,hispanic,male,PUBLIC INTOXICATION
2019-02-13,19:35:00,29.438088300000004,-98.5025556,88.0,white,male,PUBLIC INTOXICATION
2019-02-14,01:00:00,29.4874381,-98.4483703,36.0,white,female,POSSESSING DRUG PARAPHERNALIA
2019-02-14,01:00:00,29.4874381,-98.4483703,33.0,hispanic,male,POSSESSING DRUG PARAPHERNALIA
2019-02-13,11:45:00,29.48743529999999,-98.6681378,22.0,hispanic,male,THEFT UNDER $100.00
2019-02-13,21:05:00,29.4879817,-98.5375995,40.0,hispanic,male,THEFT UNDER $100.00
2019-01-09,16:12:00,29.4337315,-98.713535,25.0,hispanic,male,THEFT UNDER $100.00
2019-01-16,17:38:00,29.41945,-98.4567629,51.0,white,male,SOLICITING FROM OCCUPANTS OF VEHICLES
2019-01-16,16:30:00,29.425666600000003,-98.5027592,31.0,black,male,PUBLIC INTOXICATION
2019-01-05,20:19:00,29.41990909999999,-98.6511315,30.0,hispanic,female,THEFT UNDER $100.00
2019-01-10,11:07:00,29.38496899999999,-98.469638,51.0,white,male,SOLICITING FROM OCCUPANTS OF VEHICLES
2019-02-06,09:58:00,29.419023,-98.524851,29.0,hispanic,male,POSSESSING DRUG PARAPHERNALIA
2019-01-17,12:31:00,29.414512100000003,-98.4810648,38.0,black,male,SOLICITING FROM OCCUPANTS OF VEHICLES
2019-02-13,00:45:00,29.3791843,-98.4608047,46.0,hispanic,male,THEFT UNDER $100.00
2019-02-01,14:48:00,29.35879547800005,-98.49594252199996,47.0,white,male,PUBLIC INTOXICATION
2019-02-01,19:26:00,29.37567600000005,-98.46164249999998,58.0,white,male,PUBLIC INTOXICATION
2019-02-03,00:48:00,29.48513400000008,-98.57911049999996,47.0,white,male,PUBLIC INTOXICATION
2019-02-02,00:00:00,29.504313000000025,-98.41364999999996,21.0,white,female,PUBLIC INTOXICATION
2019-02-02,02:24:00,29.42355600000008,-98.48948849999994,22.0,white,female,PUBLIC INTOXICATION
2019-02-02,14:30:00,29.3452394,-98.6147874,58.0,hispanic,male,PUBLIC INTOXICATION
2019-02-02,06:00:00,29.422977000000003,-98.4985912,42.0,white,male,PUBLIC INTOXICATION
2019-02-01,19:22:00,29.46080056200003,-98.402135548,32.0,black,male,PUBLIC INTOXICATION
2019-02-02,02:25:00,29.51975169999999,-98.5037134,28.0,white,male,PUBLIC INTOXICATION
2019-02-12,16:50:00,29.49419700000004,-98.40005999999994,50.0,white,male,PUBLIC INTOXICATION
2019-02-12,20:34:00,29.423632,-98.4872981,35.0,white,male,PUBLIC INTOXICATION
2019-02-13,12:11:00,29.430792000000057,-98.46126899999996,58.0,white,female,POSSESSING DRUG PARAPHERNALIA
2019-02-13,15:47:00,29.39313600000003,-98.52905699999997,35.0,white,male,POSSESSING DRUG PARAPHERNALIA
2019-01-30,03:05:00,29.51576100000005,-98.56651049999994,24.0,white,male,POSSESSING DRUG PARAPHERNALIA
2019-02-13,21:20:00,29.4281027,-98.4982673,30.0,white,male,POSSESSING DRUG PARAPHERNALIA
2019-02-12,21:12:00,29.3752034,-98.4748365,36.0,white,male,POSSESSING DRUG PARAPHERNALIA
2019-02-01,16:17:00,29.3519438,-98.4310982,55.0,white,male,SOLICITING FROM OCCUPANTS OF VEHICLES
2019-01-14,19:55:00,29.36187000000007,-98.53360649999996,35.0,white,male,PUBLIC INTOXICATION
2019-01-15,01:00:00,29.433698600000003,-98.5850257,21.0,white,male,POSSESSING DRUG PARAPHERNALIA
2019-01-14,13:00:00,29.359462,-98.6342722,40.0,white,female,THEFT UNDER $100.00
2019-01-17,11:47:00,29.38496899999999,-98.469638,51.0,white,male,SOLICITING FROM OCCUPANTS OF VEHICLES
2019-01-16,08:36:00,29.415629700000004,-98.5566081,45.0,white,male,THEFT UNDER $100.00
2019-01-12,17:49:00,29.565088300000006,-98.5917656,41.0,white,male,SOLICITING FROM OCCUPANTS OF VEHICLES
2019-01-12,17:31:00,29.565088300000006,-98.5917656,60.0,black,male,SOLICITING FROM OCCUPANTS OF VEHICLES
2019-01-12,18:05:00,29.53592292800005,-98.54758223099998,23.0,white,male,SOLICITING FROM OCCUPANTS OF VEHICLES
2019-01-12,17:53:00,29.4385645,-98.4897296,26.0,hispanic,male,SOLICITING FROM OCCUPANTS OF VEHICLES
2019-01-12,12:45:00,29.41990909999999,-98.6511315,57.0,white,female,THEFT UNDER $100.00
2019-01-12,14:36:00,29.565088300000006,-98.5917656,49.0,white,male,SOLICITING FROM OCCUPANTS OF VEHICLES
2019-01-12,17:53:00,29.4385645,-98.4897296,33.0,white,female,SOLICITING FROM OCCUPANTS OF VEHICLES
2019-01-15,20:35:00,29.3385187,-98.5549256,18.0,white,male,THEFT UNDER $100.00
2019-01-14,15:08:00,29.6095138,-98.4807025,51.0,white,male,SOLICITING FROM OCCUPANTS OF VEHICLES
2019-01-15,20:40:00,29.3385187,-98.5549256,17.0,white,male,THEFT UNDER $100.00
2019-01-14,12:30:00,29.4755136,-98.6574928,41.0,hispanic,male,SOLICITING FROM OCCUPANTS OF VEHICLES
2019-01-12,15:20:00,29.4337315,-98.713535,17.0,hispanic,male,THEFT UNDER $100.00
2019-01-14,14:33:00,29.564844800000003,-98.5861055,23.0,white,male,SOLICITING FROM OCCUPANTS OF VEHICLES
2019-01-11,15:10:00,29.569648200000003,-98.3868165,31.0,white,female,THEFT UNDER $100.00
2019-01-14,17:18:00,29.54531700000007,-98.57668049999997,50.0,white,male,SOLICITING FROM OCCUPANTS OF VEHICLES
2019-01-14,15:50:00,29.565088300000006,-98.5917656,56.0,white,male,SOLICITING FROM OCCUPANTS OF VEHICLES
2019-01-14,16:00:00,29.6041243,-98.6064602,37.0,white,male,SOLICITING FROM OCCUPANTS OF VEHICLES
2019-01-11,15:30:00,29.41990909999999,-98.6511315,22.0,white,male,THEFT UNDER $100.00
2019-01-09,10:33:00,29.4755136,-98.6574928,41.0,hispanic,male,SOLICITING FROM OCCUPANTS OF VEHICLES
2019-01-09,10:20:00,29.3519438,-98.4310982,55.0,white,male,SOLICITING FROM OCCUPANTS OF VEHICLES
2019-01-10,13:29:00,29.43901826100005,-98.65812321899996,37.0,hispanic,male,SOLICITING FROM OCCUPANTS OF VEHICLES
2019-01-10,14:00:00,29.47046869999999,-98.2940085,41.0,hispanic,male,SOLICITING FROM OCCUPANTS OF VEHICLES
2019-01-20,12:00:00,29.6413127,-98.4573271,17.0,white,female,THEFT UNDER $100.00
2019-01-10,16:03:00,29.5057816,-98.5473203,39.0,white,male,SOLICITING FROM OCCUPANTS OF VEHICLES
2019-01-18,14:00:00,29.562962899999995,-98.5898094,39.0,hispanic,male,SOLICITING FROM OCCUPANTS OF VEHICLES
2019-01-10,10:12:00,29.42483630000001,-98.5011962,24.0,white,male,SOLICITING FROM OCCUPANTS OF VEHICLES
2019-01-16,14:25:00,29.4004358,-98.3860458,17.0,hispanic,female,THEFT UNDER $100.00
2019-01-13,19:10:00,29.3385187,-98.5549256,23.0,white,male,THEFT UNDER $100.00
2019-01-13,15:00:00,29.5190209,-98.7046367,49.0,white,male,SOLICITING FROM OCCUPANTS OF VEHICLES
2019-01-11,09:56:00,29.5120127,-98.5350607,49.0,white,male,SOLICITING FROM OCCUPANTS OF VEHICLES
2019-01-21,19:42:00,29.3819316,-98.6372957,42.0,black,male,PUBLIC INTOXICATION
2019-01-11,11:07:00,29.60079637300004,-98.557929598,30.0,hispanic,female,SOLICITING FROM OCCUPANTS OF VEHICLES
2019-01-17,16:12:00,29.58891354800005,-98.61962227499998,36.0,hispanic,male,SOLICITING FROM OCCUPANTS OF VEHICLES
2019-01-17,17:45:00,29.412451300000004,-98.5197679,51.0,hispanic,male,SOLICITING FROM OCCUPANTS OF VEHICLES
2019-01-17,18:00:00,29.4385645,-98.4897296,35.0,white,male,SOLICITING FROM OCCUPANTS OF VEHICLES
2019-01-17,19:39:00,29.4113834,-98.5093741,60.0,white,male,SOLICITING FROM OCCUPANTS OF VEHICLES
2019-01-17,16:20:00,29.450037,-98.4058801,40.0,white,male,SOLICITING FROM OCCUPANTS OF VEHICLES
2019-01-18,17:35:00,29.42483630000001,-98.5011962,52.0,white,male,SOLICITING FROM OCCUPANTS OF VEHICLES
2019-01-16,18:00:00,29.6107627,-98.4689317,47.0,white,male,SOLICITING FROM OCCUPANTS OF VEHICLES
2019-01-14,11:06:00,29.4755136,-98.6574928,41.0,hispanic,male,SOLICITING FROM OCCUPANTS OF VEHICLES
2019-01-11,14:34:00,29.47046869999999,-98.2940085,29.0,white,male,SOLICITING FROM OCCUPANTS OF VEHICLES
2019-01-14,14:50:00,29.43429759999999,-98.7170106,44.0,white,male,SOLICITING FROM OCCUPANTS OF VEHICLES
2019-01-17,10:54:00,29.42483630000001,-98.5011962,44.0,white,male,SOLICITING FROM OCCUPANTS OF VEHICLES
2019-01-17,15:59:00,29.4855941,-98.5345259,48.0,white,male,SOLICITING FROM OCCUPANTS OF VEHICLES
2019-01-17,09:25:00,29.4755136,-98.6574928,54.0,white,male,SOLICITING FROM OCCUPANTS OF VEHICLES
2019-01-21,03:00:00,29.4664562,-98.5106316,44.0,white,female,PUBLIC INTOXICATION
2019-01-14,12:00:00,29.47046869999999,-98.2940085,51.0,white,male,SOLICITING FROM OCCUPANTS OF VEHICLES
2019-02-08,11:20:00,29.3791843,-98.4608047,28.0,hispanic,female,THEFT UNDER $100.00
2019-02-12,12:30:00,29.4248756,-98.5014474,59.0,white,male,SOLICITING FROM OCCUPANTS OF VEHICLES
2019-01-22,15:05:00,29.3519438,-98.4310982,74.0,hispanic,female,SOLICITING FROM OCCUPANTS OF VEHICLES
2019-01-22,14:08:00,29.3519438,-98.4310982,74.0,white,female,SOLICITING FROM OCCUPANTS OF VEHICLES
2019-01-22,14:56:00,29.3519438,-98.4310982,39.0,white,male,SOLICITING FROM OCCUPANTS OF VEHICLES
2019-01-22,14:00:00,29.3519438,-98.4310982,39.0,white,male,SOLICITING FROM OCCUPANTS OF VEHICLES
2019-01-17,12:13:00,29.35776,-98.524687,44.0,white,female,SOLICITING FROM OCCUPANTS OF VEHICLES
2019-01-23,12:54:00,29.3565872,-98.5231434,44.0,white,female,SOLICITING FROM OCCUPANTS OF VEHICLES
2019-01-16,00:30:00,29.542750891000026,-98.36685269699996,26.0,white,male,POSSESSING DRUG PARAPHERNALIA
2019-01-22,19:20:00,29.48217647700005,-98.52595302299991,48.0,white,male,SOLICITING FROM OCCUPANTS OF VEHICLES
2019-01-20,08:07:00,29.6124137,-98.4706999,35.0,white,male,THEFT UNDER $100.00
2019-01-21,00:01:00,29.3329269,-98.4665763,19.0,hispanic,male,POSSESSING DRUG PARAPHERNALIA
2019-01-22,05:29:00,29.345781,-98.6140704,46.0,hispanic,male,THEFT UNDER $100.00
2019-01-23,03:32:00,29.486163800000003,-98.5353023,36.0,hispanic,female,POSSESSING DRUG PARAPHERNALIA
2019-01-23,03:20:00,29.486163800000003,-98.5353023,35.0,white,male,POSSESSING DRUG PARAPHERNALIA
2019-01-16,10:35:00,29.4936372,-98.4316333,34.0,white,male,THEFT UNDER $100.00
2019-01-21,22:19:00,29.7972907,-97.9378328,59.0,black,male,POSSESSING DRUG PARAPHERNALIA
2019-01-11,02:01:00,29.4449315,-98.4942253,24.0,black,female,POSSESSING DRUG PARAPHERNALIA
2019-01-21,16:16:00,29.5008572,-98.509328,22.0,white,male,POSSESSING DRUG PARAPHERNALIA
2019-01-17,12:44:00,29.36635706000004,-98.62017302299996,52.0,hispanic,male,POSSESSING DRUG PARAPHERNALIA
2019-01-16,15:55:00,29.41990909999999,-98.6511315,18.0,white,female,POSSESSING DRUG PARAPHERNALIA
2019-01-16,15:55:00,29.41990909999999,-98.6511315,18.0,white,female,THEFT UNDER $100.00
2019-01-22,13:35:00,29.3791843,-98.4608047,42.0,white,female,THEFT UNDER $100.00
2019-01-21,23:45:00,29.51975169999999,-98.5037134,31.0,hispanic,male,POSSESSING DRUG PARAPHERNALIA
2019-01-22,19:10:00,29.45853589999999,-98.5533896,38.0,hispanic,male,THEFT UNDER $100.00
2019-01-14,01:07:00,29.413281800000004,-98.470101,62.0,black,male,POSSESSING DRUG PARAPHERNALIA
2019-01-20,19:19:00,29.4148197,-98.4066115,33.0,black,female,THEFT UNDER $100.00
2019-01-17,12:54:00,29.4529148,-98.51424140000002,58.0,white,male,SOLICITING FROM OCCUPANTS OF VEHICLES
2019-01-19,15:00:00,29.426205,-98.488951,29.0,white,male,THEFT UNDER $100.00
2019-02-03,16:00:00,29.489583000000003,-98.7065775,54.0,white,male,SOLICITING FROM OCCUPANTS OF VEHICLES
2019-01-26,21:54:00,29.4855941,-98.5345259,40.0,white,male,SOLICITING FROM OCCUPANTS OF VEHICLES
2019-01-26,16:30:00,29.5494725,-98.662983,49.0,white,male,SOLICITING FROM OCCUPANTS OF VEHICLES
2019-01-26,17:00:00,29.5494725,-98.662983,25.0,white,male,SOLICITING FROM OCCUPANTS OF VEHICLES
2019-02-14,15:25:00,29.43769649999999,-98.4885184,33.0,white,female,SOLICITING FROM OCCUPANTS OF VEHICLES
2019-02-07,14:37:00,29.3519438,-98.4310982,52.0,hispanic,male,SOLICITING FROM OCCUPANTS OF VEHICLES
2019-02-09,17:17:00,29.3519438,-98.4310982,52.0,hispanic,male,SOLICITING FROM OCCUPANTS OF VEHICLES
2019-01-14,16:12:00,29.4132567,-98.4795092,38.0,black,male,POSSESSING DRUG PARAPHERNALIA
2019-01-21,22:19:00,29.7972907,-97.9378328,59.0,black,male,THEFT UNDER $100.00
2019-01-20,12:25:00,29.45363400000008,-98.49378599999994,30.0,white,male,POSSESSING DRUG PARAPHERNALIA
2019-01-22,19:10:00,29.45853589999999,-98.5533896,34.0,hispanic,female,THEFT UNDER $100.00
2019-01-14,00:25:00,29.4493066,-98.6439382,27.0,white,male,POSSESSING DRUG PARAPHERNALIA
2019-01-19,11:37:00,29.60813409999999,-98.4996384,53.0,white,male,SOLICITING FROM OCCUPANTS OF VEHICLES
2019-01-22,13:34:00,29.42483630000001,-98.5011962,58.0,white,male,SOLICITING FROM OCCUPANTS OF VEHICLES
2019-01-20,17:47:00,29.3791843,-98.4608047,37.0,white,female,THEFT UNDER $100.00
2019-01-15,20:21:00,29.355635600000006,-98.558709,40.0,white,female,POSSESSING DRUG PARAPHERNALIA
2019-01-20,15:20:00,29.63425554500003,-98.613188763,67.0,white,male,SOLICITING FROM OCCUPANTS OF VEHICLES
2019-01-20,19:45:00,29.3604706,-98.5331377,44.0,hispanic,male,THEFT UNDER $100.00
2019-01-22,15:29:00,29.4874505,-98.5763188,59.0,black,male,SOLICITING FROM OCCUPANTS OF VEHICLES
2019-01-18,15:04:00,29.58891354800005,-98.61962227499998,36.0,hispanic,male,SOLICITING FROM OCCUPANTS OF VEHICLES
2019-01-15,19:36:00,29.45853589999999,-98.5533896,28.0,white,female,THEFT UNDER $100.00
2019-01-18,17:29:00,29.490144800000003,-98.5877272,52.0,black,female,THEFT UNDER $100.00
2019-01-22,18:00:00,29.44586039999999,-98.5420702,54.0,white,male,THEFT UNDER $100.00
2019-01-24,18:11:00,29.5188369,-98.6334203,21.0,black,male,THEFT UNDER $100.00
2019-02-09,19:26:00,29.355303600000006,-98.5390374,24.0,hispanic,male,POSSESSING DRUG PARAPHERNALIA
2019-02-10,14:57:00,29.367279000000053,-98.4658725,23.0,white,male,POSSESSING DRUG PARAPHERNALIA
2019-02-17,17:00:00,29.45853589999999,-98.5533896,36.0,white,female,POSSESSING DRUG PARAPHERNALIA
2019-01-16,19:07:00,29.3791843,-98.4608047,53.0,white,female,THEFT UNDER $100.00
2019-02-09,20:55:00,29.4879817,-98.5375995,44.0,white,female,THEFT UNDER $100.00
2019-01-12,17:54:00,29.4337315,-98.713535,39.0,white,female,THEFT UNDER $100.00
2019-01-26,14:44:00,29.4238009,-98.4836401,63.0,black,male,PUBLIC INTOXICATION
2019-01-18,18:10:00,29.3557763,-98.5430304,34.0,hispanic,male,THEFT UNDER $100.00
2019-02-08,14:14:00,29.50337649999999,-98.3679151,51.0,white,female,SOLICITING FROM OCCUPANTS OF VEHICLES
2019-01-26,13:00:00,29.4245194,-98.4915134,29.0,white,male,PUBLIC INTOXICATION
2019-01-12,17:54:00,29.434392000000056,-98.71429499999994,18.0,white,female,THEFT UNDER $100.00
2019-01-27,14:00:00,29.4233977,-98.4936438,47.0,hispanic,female,PUBLIC INTOXICATION
2019-01-16,20:41:00,29.45853589999999,-98.5533896,25.0,black,female,THEFT UNDER $100.00
2019-01-25,18:18:00,29.5535339,-98.4069433,38.0,black,male,THEFT UNDER $100.00
2019-01-16,11:15:00,29.45853589999999,-98.5533896,48.0,white,female,THEFT UNDER $100.00
2019-01-17,15:36:00,29.5194677,-98.494108,29.0,black,female,THEFT UNDER $100.00
2019-02-10,07:41:00,29.4168707,-98.4787559,19.0,hispanic,male,THEFT UNDER $100.00
2019-02-17,17:00:00,29.45853589999999,-98.5533896,36.0,white,female,THEFT UNDER $100.00
2019-02-07,16:29:00,29.5162079,-98.4803881,31.0,white,female,THEFT UNDER $100.00
2019-02-15,00:10:00,29.423976300000003,-98.4890325,23.0,black,male,PUBLIC INTOXICATION
2019-02-15,01:59:00,29.450476,-98.4894397,30.0,white,male,PUBLIC INTOXICATION
2019-02-14,00:22:00,29.36136209999999,-98.5164972,37.0,hispanic,male,PUBLIC INTOXICATION
2019-02-15,15:19:00,29.46480039999999,-98.5260804,56.0,white,female,THEFT UNDER $100.00
2019-02-15,15:39:00,29.46480039999999,-98.5260804,22.0,hispanic,male,THEFT UNDER $100.00
2019-02-14,16:33:00,29.45853589999999,-98.5533896,44.0,white,male,PUBLIC INTOXICATION
2019-02-15,02:00:00,29.4237592,-98.4885536,21.0,white,male,PUBLIC INTOXICATION
2019-02-15,03:20:00,29.2983139,-98.4750909,27.0,white,female,PUBLIC INTOXICATION
2019-02-15,02:57:00,29.4221483,-98.4817744,40.0,hispanic,male,PUBLIC INTOXICATION
2019-02-15,16:29:00,29.4679411,-98.5292123,38.0,black,male,PUBLIC INTOXICATION
2019-02-16,00:40:00,29.509386100000004,-98.5977539,25.0,hispanic,female,PUBLIC INTOXICATION
2019-02-16,01:00:00,29.61039499200007,-98.48218805099998,49.0,white,male,PUBLIC INTOXICATION
2019-02-07,00:24:00,29.4233882,-98.4612439,37.0,black,female,POSSESSING DRUG PARAPHERNALIA
2019-02-16,08:25:00,29.4274997,-98.5220915,23.0,white,female,POSSESSING DRUG PARAPHERNALIA
2019-01-15,22:15:00,29.54669220000001,-98.6695131,18.0,hispanic,female,THEFT UNDER $100.00
2019-02-16,08:25:00,29.4274997,-98.5220915,24.0,black,male,POSSESSING DRUG PARAPHERNALIA
2019-02-14,20:21:00,29.6062665,-98.5104894,41.0,black,male,THEFT UNDER $100.00
2019-02-15,18:30:00,29.5328407,-98.5657045,36.0,hispanic,male,POSSESSING DRUG PARAPHERNALIA
2019-02-16,00:00:00,29.51774652700005,-98.46372149999996,29.0,white,male,PUBLIC INTOXICATION
2019-02-16,02:55:00,29.52001419999999,-98.429132,54.0,white,male,PUBLIC INTOXICATION
2019-02-16,01:10:00,29.40541200000008,-98.46436949999998,30.0,white,male,PUBLIC INTOXICATION
2019-02-16,01:14:00,29.441719800000005,-98.4942016,30.0,white,female,PUBLIC INTOXICATION
2019-02-16,17:15:00,29.4062848,-98.4570137,25.0,white,male,PUBLIC INTOXICATION
2019-02-08,10:45:00,29.45853589999999,-98.5533896,49.0,hispanic,male,THEFT UNDER $100.00
2019-02-16,21:20:00,29.4879817,-98.5375995,54.0,white,female,THEFT UNDER $100.00
2019-02-15,23:00:00,29.40202800000004,-98.52122699999995,27.0,white,male,PUBLIC INTOXICATION
2019-02-15,18:16:00,29.423843,-98.4874621,25.0,white,female,PUBLIC INTOXICATION
2019-01-09,03:14:00,29.3791843,-98.4608047,20.0,white,male,THEFT UNDER $100.00
2019-02-17,11:58:00,29.565088300000006,-98.5917656,39.0,hispanic,male,SOLICITING FROM OCCUPANTS OF VEHICLES
2019-02-17,13:50:00,29.47296039999999,-98.5349893,57.0,hispanic,male,POSSESSING DRUG PARAPHERNALIA
2019-02-07,18:20:00,29.3791843,-98.4608047,58.0,black,male,THEFT UNDER $100.00
2019-02-17,20:50:00,29.51955000000004,-98.63857799999994,21.0,white,male,PUBLIC INTOXICATION
2019-01-14,23:25:00,29.569648200000003,-98.3868165,41.0,white,male,THEFT UNDER $100.00
2019-01-13,15:35:00,29.41990909999999,-98.6511315,58.0,white,female,THEFT UNDER $100.00
2019-01-15,05:45:00,29.3791843,-98.4608047,38.0,hispanic,female,THEFT UNDER $100.00
2019-01-23,13:22:00,29.48743529999999,-98.6681378,45.0,hispanic,female,THEFT UNDER $100.00
2019-01-22,16:06:00,29.5494725,-98.662983,43.0,white,male,SOLICITING FROM OCCUPANTS OF VEHICLES
2019-01-12,19:00:00,29.5147654,-98.4818457,17.0,hispanic,male,THEFT UNDER $100.00
2019-01-22,14:03:00,29.44586039999999,-98.5420702,35.0,hispanic,male,THEFT UNDER $100.00
2019-01-24,18:16:00,29.4705165,-98.4960821,27.0,white,male,THEFT UNDER $100.00
2019-01-26,19:29:00,29.520113,-98.5049302,29.0,hispanic,male,THEFT UNDER $100.00
2019-02-17,04:57:00,29.5208023,-98.4623202,29.0,hispanic,female,PUBLIC INTOXICATION
2019-02-17,02:00:00,29.6146349,-98.4861256,24.0,white,male,PUBLIC INTOXICATION
2019-02-17,04:50:00,29.29366761600005,-98.557440613,56.0,black,male,PUBLIC INTOXICATION
2019-02-17,03:29:00,29.36735361800004,-98.538899358,42.0,hispanic,male,PUBLIC INTOXICATION
2019-01-11,04:50:00,29.3791843,-98.4608047,35.0,white,female,THEFT UNDER $100.00
2019-01-11,04:50:00,29.379816000000066,-98.457948,40.0,white,female,THEFT UNDER $100.00
2019-01-14,17:37:00,29.4705165,-98.4960821,61.0,hispanic,male,THEFT UNDER $100.00
2019-01-09,17:57:00,29.4705165,-98.4960821,49.0,asian/pacific islander,female,THEFT UNDER $100.00
2019-01-09,16:20:00,29.4879817,-98.5375995,57.0,white,male,THEFT UNDER $100.00
2019-01-10,15:54:00,29.4930732,-98.7097702,46.0,hispanic,female,THEFT UNDER $100.00
2019-01-23,09:32:00,29.5494725,-98.662983,53.0,white,male,SOLICITING FROM OCCUPANTS OF VEHICLES
2019-01-09,21:55:00,29.41990909999999,-98.6511315,24.0,white,male,THEFT UNDER $100.00
2019-01-23,14:17:00,29.4936695,-98.570025,43.0,white,male,SOLICITING FROM OCCUPANTS OF VEHICLES
2019-01-20,18:04:00,29.5064712,-98.5130468,27.0,hispanic,female,SOLICITING FROM OCCUPANTS OF VEHICLES
2019-01-11,14:45:00,29.4849854,-98.6649918,64.0,hispanic,female,THEFT UNDER $100.00
2019-01-20,17:53:00,29.565088300000006,-98.5917656,48.0,white,male,SOLICITING FROM OCCUPANTS OF VEHICLES
2019-02-04,15:00:00,29.4248756,-98.5014474,60.0,white,male,SOLICITING FROM OCCUPANTS OF VEHICLES
2019-02-04,15:05:00,29.4248756,-98.5014474,30.0,white,male,SOLICITING FROM OCCUPANTS OF VEHICLES
2019-01-12,21:53:00,29.348079100000003,-98.4336733,23.0,black,male,THEFT UNDER $100.00
2019-01-27,18:40:00,29.5522745,-98.6631956,38.0,white,male,SOLICITING FROM OCCUPANTS OF VEHICLES
2019-01-28,14:38:00,29.5448664,-98.4573917,31.0,white,female,SOLICITING FROM OCCUPANTS OF VEHICLES
2019-01-18,11:45:00,29.4246372,-98.4848896,29.0,white,male,PUBLIC INTOXICATION
2019-01-24,14:37:00,29.5539202,-98.6617095,52.0,white,male,SOLICITING FROM OCCUPANTS OF VEHICLES
2019-01-28,09:13:00,29.4755136,-98.6574928,32.0,white,male,SOLICITING FROM OCCUPANTS OF VEHICLES
2019-01-13,23:18:00,29.3566448,-98.54580959999998,24.0,hispanic,male,THEFT UNDER $100.00
2019-01-28,03:47:00,29.5078331,-98.6291438,32.0,white,male,SOLICITING FROM OCCUPANTS OF VEHICLES
2019-01-10,23:12:00,29.3791843,-98.4608047,26.0,hispanic,female,THEFT UNDER $100.00
2019-01-29,14:55:00,29.6071054,-98.6017037,55.0,black,male,SOLICITING FROM OCCUPANTS OF VEHICLES
2019-01-29,14:42:00,29.562962899999995,-98.5898094,47.0,black,male,SOLICITING FROM OCCUPANTS OF VEHICLES
2019-01-27,17:55:00,29.5078331,-98.6291438,27.0,white,male,SOLICITING FROM OCCUPANTS OF VEHICLES
2019-01-29,15:38:00,29.3519438,-98.4310982,53.0,hispanic,male,SOLICITING FROM OCCUPANTS OF VEHICLES
2019-01-29,13:19:00,29.466401077000057,-98.61693251499996,28.0,white,male,SOLICITING FROM OCCUPANTS OF VEHICLES
2019-01-27,17:39:00,29.5494725,-98.662983,30.0,white,male,SOLICITING FROM OCCUPANTS OF VEHICLES
2019-01-25,17:30:00,29.529799,-98.562918,55.0,white,male,SOLICITING FROM OCCUPANTS OF VEHICLES
2019-01-25,18:19:00,29.47046869999999,-98.2940085,51.0,white,male,SOLICITING FROM OCCUPANTS OF VEHICLES
2019-01-25,14:20:00,29.4889752,-98.5673348,41.0,white,male,SOLICITING FROM OCCUPANTS OF VEHICLES
2019-01-29,10:01:00,29.554099800000003,-98.6676504,49.0,white,male,SOLICITING FROM OCCUPANTS OF VEHICLES
2019-01-24,18:10:00,29.4529302,-98.5148196,51.0,black,male,SOLICITING FROM OCCUPANTS OF VEHICLES
2019-01-13,07:45:00,29.4221483,-98.4817744,48.0,white,male,SOLICITING FROM OCCUPANTS OF VEHICLES
2019-01-09,09:30:00,29.4755136,-98.6574928,41.0,hispanic,male,SOLICITING FROM OCCUPANTS OF VEHICLES
2019-01-21,14:30:00,29.4278463,-98.4822563,28.0,white,male,POSSESSING DRUG PARAPHERNALIA
2019-01-24,18:11:00,29.35336659999999,-98.5370452,31.0,hispanic,male,POSSESSING DRUG PARAPHERNALIA
2019-01-23,18:50:00,29.3525078,-98.503499,30.0,hispanic,male,POSSESSING DRUG PARAPHERNALIA
2019-02-17,21:40:00,29.44939500000004,-98.54806049999996,47.0,white,male,PUBLIC INTOXICATION
2019-02-01,20:20:00,29.4252584,-98.4820281,46.0,black,male,POSSESSING DRUG PARAPHERNALIA
2019-02-17,22:15:00,29.5094892,-98.5535183,45.0,hispanic,male,PUBLIC INTOXICATION
2019-01-28,17:52:00,29.4745535,-98.5355187,44.0,white,female,POSSESSING DRUG PARAPHERNALIA
2019-02-17,00:12:00,29.43186300000008,-98.52250949999996,23.0,white,female,PUBLIC INTOXICATION
2019-01-28,17:32:00,29.474325000000075,-98.53529399999996,29.0,white,male,POSSESSING DRUG PARAPHERNALIA
2019-02-17,21:30:00,29.4088272,-98.45231,48.0,white,male,POSSESSING DRUG PARAPHERNALIA
2019-01-28,23:21:00,29.45853589999999,-98.5533896,42.0,white,male,POSSESSING DRUG PARAPHERNALIA
2019-01-28,23:21:00,29.45853589999999,-98.5533896,42.0,white,male,THEFT UNDER $100.00
2019-01-29,04:21:00,29.5188369,-98.6334203,20.0,black,female,THEFT UNDER $100.00
2019-01-24,21:15:00,29.41990909999999,-98.6511315,23.0,white,female,THEFT UNDER $100.00
2019-01-26,15:20:00,29.4738816,-98.5344247,31.0,black,female,THEFT UNDER $100.00
2019-01-24,11:26:00,29.41990909999999,-98.6511315,50.0,hispanic,male,THEFT UNDER $100.00
2019-01-28,23:18:00,29.6413127,-98.4573271,23.0,white,male,THEFT UNDER $100.00
2019-01-29,01:05:00,29.3791843,-98.4608047,64.0,hispanic,female,THEFT UNDER $100.00
2019-01-29,16:10:00,29.5147654,-98.4818457,22.0,black,male,THEFT UNDER $100.00
2019-01-23,13:50:00,29.3791843,-98.4608047,47.0,white,female,THEFT UNDER $100.00
2019-01-28,18:43:00,29.594609,-98.61703,19.0,white,female,THEFT UNDER $100.00
2019-01-28,20:40:00,29.53157879999999,-98.5616136,41.0,hispanic,female,THEFT UNDER $100.00
2019-01-17,20:30:00,29.41990909999999,-98.6511315,33.0,white,female,THEFT UNDER $100.00
2019-01-24,20:12:00,29.4447511,-98.5256733,44.0,white,female,THEFT UNDER $100.00
2019-01-24,19:40:00,29.41990909999999,-98.6511315,27.0,white,male,THEFT UNDER $100.00
2019-02-18,17:09:00,29.4889752,-98.5673348,54.0,white,female,SOLICITING FROM OCCUPANTS OF VEHICLES
2019-01-23,16:49:00,29.3850716,-98.3912866,29.0,white,female,THEFT UNDER $100.00
2019-02-17,07:05:00,29.4251025,-98.4928415,25.0,white,male,PUBLIC INTOXICATION
2019-01-23,21:23:00,29.41990909999999,-98.6511315,27.0,hispanic,male,THEFT UNDER $100.00
2019-01-27,09:27:00,29.41990909999999,-98.6511315,29.0,white,female,THEFT UNDER $100.00
2019-02-17,04:00:00,29.52417600000007,-98.58500099999998,21.0,white,male,PUBLIC INTOXICATION
2019-02-16,15:53:00,29.4004358,-98.3860458,53.0,white,male,SOLICITING FROM OCCUPANTS OF VEHICLES
2019-02-16,15:35:00,29.448887899999995,-98.4916425,43.0,hispanic,female,PUBLIC INTOXICATION
2019-02-17,00:20:00,29.5284607,-98.5643974,38.0,hispanic,male,POSSESSING DRUG PARAPHERNALIA
2019-02-16,15:00:00,29.41990909999999,-98.6511315,19.0,white,female,THEFT UNDER $100.00
2019-01-30,14:53:00,29.4252927,-98.4946938,20.0,white,male,THEFT UNDER $100.00
2019-02-06,16:08:00,29.38496899999999,-98.469638,51.0,white,male,SOLICITING FROM OCCUPANTS OF VEHICLES
2019-01-27,08:59:00,29.447028000000053,-98.50159799999994,34.0,hispanic,male,POSSESSING DRUG PARAPHERNALIA
2019-01-22,06:34:00,29.3791843,-98.4608047,17.0,white,female,THEFT UNDER $100.00
2019-01-22,06:34:00,29.3791843,-98.4608047,17.0,white,female,THEFT UNDER $100.00
2019-01-22,06:34:00,29.3791843,-98.4608047,17.0,white,female,THEFT UNDER $100.00
2019-01-19,21:22:00,29.4280075,-98.4820389,64.0,black,male,POSSESSING DRUG PARAPHERNALIA
2019-01-15,15:09:00,29.42483630000001,-98.5011962,60.0,white,male,SOLICITING FROM OCCUPANTS OF VEHICLES
2019-01-18,23:00:00,29.4280075,-98.4820389,33.0,black,male,POSSESSING DRUG PARAPHERNALIA
2019-01-07,08:50:00,29.4671049,-98.6164471,14.0,hispanic,female,POSSESSING DRUG PARAPHERNALIA
2019-01-23,16:39:00,29.425112,-98.487873,41.0,white,male,SOLICITING FROM OCCUPANTS OF VEHICLES
2019-02-18,23:21:00,29.4191421,-98.6486811,31.0,black,male,PUBLIC INTOXICATION
2019-02-18,23:55:00,29.42634469999999,-98.4910677,25.0,white,male,PUBLIC INTOXICATION
2019-02-18,01:00:00,29.4263446,-98.4911626,55.0,white,male,PUBLIC INTOXICATION
2019-02-18,01:40:00,29.42409600000008,-98.48765249999995,43.0,black,male,PUBLIC INTOXICATION
2019-02-18,01:53:00,29.425112,-98.487873,34.0,white,female,PUBLIC INTOXICATION
2019-02-18,16:49:00,29.4286595,-98.4519845,42.0,black,male,PUBLIC INTOXICATION
2019-02-17,22:10:00,29.544724332000047,-98.51195289699994,30.0,black,male,POSSESSING DRUG PARAPHERNALIA
2019-02-17,22:28:00,29.4127485,-98.5031139,21.0,hispanic,male,POSSESSING DRUG PARAPHERNALIA
2019-01-10,18:17:00,29.51505419999999,-98.5269888,38.0,white,male,SOLICITING FROM OCCUPANTS OF VEHICLES
2019-01-10,08:48:00,29.43546300000003,-98.494353,29.0,white,male,POSSESSING DRUG PARAPHERNALIA
2019-01-10,03:30:00,29.576992157000063,-98.63179160299995,38.0,white,male,PUBLIC INTOXICATION
2019-01-18,10:00:00,29.443987,-98.513628,34.0,hispanic,male,SOLICITING FROM OCCUPANTS OF VEHICLES
2019-01-19,13:15:00,29.51672274900005,-98.48335322299994,25.0,black,female,THEFT UNDER $100.00
2019-02-05,14:33:00,29.4933625,-98.7030757,32.0,white,male,SOLICITING FROM OCCUPANTS OF VEHICLES
2019-01-31,12:15:00,29.4755136,-98.6574928,44.0,white,male,SOLICITING FROM OCCUPANTS OF VEHICLES
2019-02-04,02:30:00,29.4134315,-98.5547679,36.0,hispanic,male,POSSESSING DRUG PARAPHERNALIA
2019-02-05,09:35:00,29.4755136,-98.6574928,26.0,hispanic,male,SOLICITING FROM OCCUPANTS OF VEHICLES
2019-02-04,23:15:00,29.505717000000057,-98.38812599999994,43.0,white,female,POSSESSING DRUG PARAPHERNALIA
2019-02-06,12:58:00,29.4264983,-98.4880048,48.0,black,male,PUBLIC INTOXICATION
2019-02-05,15:25:00,29.6088917,-98.6024168,48.0,black,female,SOLICITING FROM OCCUPANTS OF VEHICLES
2019-01-28,20:10:00,29.4266631,-98.5028343,23.0,white,male,PUBLIC INTOXICATION
2019-01-28,16:25:00,29.3503526,-98.5335994,47.0,white,male,SOLICITING FROM OCCUPANTS OF VEHICLES
2019-01-26,18:11:00,29.480096600000003,-98.5259539,48.0,white,male,SOLICITING FROM OCCUPANTS OF VEHICLES
2019-01-28,16:20:00,29.350929200000003,-98.5341944,41.0,white,male,SOLICITING FROM OCCUPANTS OF VEHICLES
2019-02-15,19:28:00,29.649471301000062,-98.45111611799996,27.0,white,male,POSSESSING DRUG PARAPHERNALIA
2019-02-15,23:01:00,29.51783100000005,-98.67641849999995,36.0,hispanic,male,POSSESSING DRUG PARAPHERNALIA
2019-02-15,18:16:00,29.591817100000004,-98.5118688,41.0,white,male,PUBLIC INTOXICATION
2019-02-15,18:16:00,29.591817100000004,-98.5118688,41.0,white,male,POSSESSING DRUG PARAPHERNALIA
2019-02-14,23:32:00,29.4901349,-98.5663073,25.0,white,male,POSSESSING DRUG PARAPHERNALIA
2019-02-14,13:59:00,29.42541589999999,-98.499468,61.0,hispanic,male,PUBLIC INTOXICATION
2019-01-29,13:00:00,29.4408158,-98.6359846,39.0,black,male,SOLICITING FROM OCCUPANTS OF VEHICLES
2019-01-26,17:35:00,29.443987,-98.513628,58.0,white,male,SOLICITING FROM OCCUPANTS OF VEHICLES
2019-01-28,14:50:00,29.3501243,-98.5341477,62.0,black,male,SOLICITING FROM OCCUPANTS OF VEHICLES
2019-01-29,09:20:00,29.35776,-98.524687,74.0,white,female,SOLICITING FROM OCCUPANTS OF VEHICLES
2019-01-29,09:52:00,29.35776,-98.524687,50.0,white,male,SOLICITING FROM OCCUPANTS OF VEHICLES
2019-01-26,17:57:00,29.516545,-98.5292517,59.0,white,male,SOLICITING FROM OCCUPANTS OF VEHICLES
2019-01-28,10:49:00,29.572163300000003,-98.3801299,47.0,white,male,SOLICITING FROM OCCUPANTS OF VEHICLES
2019-01-31,16:05:00,29.5464147,-98.6675899,48.0,black,female,SOLICITING FROM OCCUPANTS OF VEHICLES
2019-02-14,03:16:00,29.41731900000008,-98.49263849999994,32.0,white,male,PUBLIC INTOXICATION
2019-02-04,07:49:00,29.45853589999999,-98.5533896,46.0,hispanic,male,THEFT UNDER $100.00
2019-02-13,15:23:00,29.44429,-98.4914773,38.0,white,female,PUBLIC INTOXICATION
2019-02-09,17:00:00,29.359462,-98.6342722,28.0,white,female,POSSESSING DRUG PARAPHERNALIA
2019-02-10,02:48:00,29.45840400000004,-98.5707675,29.0,white,male,PUBLIC INTOXICATION
2019-02-13,18:34:00,29.402753336000053,-98.40633459699995,38.0,black,male,PUBLIC INTOXICATION
2019-02-12,11:05:00,29.4286252,-98.4897522,24.0,hispanic,male,PUBLIC INTOXICATION
2019-02-09,19:15:00,29.42644847800005,-98.47914402199996,32.0,white,male,POSSESSING DRUG PARAPHERNALIA
2019-02-07,11:35:00,29.4245194,-98.4915134,55.0,hispanic,male,PUBLIC INTOXICATION
2019-02-02,23:06:00,29.4426999,-98.642356,26.0,white,male,THEFT UNDER $100.00
2019-02-01,16:15:00,29.6413127,-98.4573271,19.0,white,female,THEFT UNDER $100.00
2019-02-17,02:12:00,29.4328657,-98.506115,35.0,white,male,POSSESSING DRUG PARAPHERNALIA
2019-01-26,17:00:00,29.3385187,-98.5549256,28.0,hispanic,female,THEFT UNDER $100.00
2019-01-30,20:23:00,29.64524947900003,-98.45142360299997,22.0,white,male,POSSESSING DRUG PARAPHERNALIA
2019-01-30,20:15:00,29.64524947900003,-98.45142360299997,23.0,other,male,POSSESSING DRUG PARAPHERNALIA
2019-01-27,21:13:00,29.4827152,-98.3976821,50.0,black,male,POSSESSING DRUG PARAPHERNALIA
2019-02-12,12:40:00,29.4283822,-98.52454509999998,20.0,white,female,THEFT UNDER $100.00
2019-01-29,20:15:00,29.3753836,-98.4509895,55.0,white,male,POSSESSING DRUG PARAPHERNALIA
2019-02-07,14:15:00,29.48775639999999,-98.584122,62.0,hispanic,female,SOLICITING FROM OCCUPANTS OF VEHICLES
2019-02-18,14:05:00,29.4451812,-98.6390361,49.0,white,male,THEFT UNDER $100.00
2019-02-02,15:52:00,29.6413127,-98.4573271,52.0,other,female,THEFT UNDER $100.00
2019-02-05,06:52:00,29.5194677,-98.494108,42.0,hispanic,male,THEFT UNDER $100.00
2019-02-03,15:00:00,29.4879817,-98.5375995,20.0,white,female,THEFT UNDER $100.00
2019-02-02,19:00:00,29.6124137,-98.4706999,46.0,white,male,THEFT UNDER $100.00
2019-02-03,00:53:00,29.523555000000048,-98.50413599999996,36.0,hispanic,male,PUBLIC INTOXICATION
2019-02-02,14:40:00,29.3574835,-98.5028384,46.0,white,male,THEFT UNDER $100.00
2019-02-15,22:23:00,29.3791843,-98.4608047,17.0,black,female,THEFT UNDER $100.00
2019-02-01,10:13:00,29.3791843,-98.4608047,22.0,hispanic,male,THEFT UNDER $100.00
2019-02-01,10:06:00,29.3791843,-98.4608047,20.0,hispanic,female,THEFT UNDER $100.00
2019-01-30,21:32:00,29.569648200000003,-98.3868165,35.0,other,female,THEFT UNDER $100.00
2019-01-29,14:57:00,29.4426999,-98.642356,74.0,black,female,THEFT UNDER $100.00
2019-01-24,21:15:00,29.41990909999999,-98.6511315,47.0,white,female,THEFT UNDER $100.00
2019-01-29,18:50:00,29.48743529999999,-98.6681378,43.0,white,male,THEFT UNDER $100.00
2019-01-28,12:45:00,29.41990909999999,-98.6511315,28.0,hispanic,female,THEFT UNDER $100.00
2019-01-27,17:45:00,29.3791843,-98.4608047,32.0,black,female,THEFT UNDER $100.00
2019-01-28,12:45:00,29.348079100000003,-98.4336733,65.0,hispanic,female,THEFT UNDER $100.00
2019-01-26,16:26:00,29.4936372,-98.4316333,57.0,asian/pacific islander,female,THEFT UNDER $100.00
2019-01-25,15:09:00,29.5535339,-98.4069433,55.0,hispanic,male,THEFT UNDER $100.00
2019-02-17,14:30:00,29.3974142,-98.4695823,24.0,black,male,POSSESSING DRUG PARAPHERNALIA
2019-02-24,11:00:00,29.41990909999999,-98.6511315,32.0,white,female,THEFT UNDER $100.00
2019-01-28,13:15:00,29.4250448,-98.4937533,25.0,hispanic,male,PUBLIC INTOXICATION
2019-01-28,13:30:00,29.4250448,-98.4937533,32.0,hispanic,male,PUBLIC INTOXICATION
2019-02-19,17:30:00,29.41990909999999,-98.6511315,27.0,white,male,THEFT UNDER $100.00
2019-02-19,17:50:00,29.5644288,-98.5959705,45.0,black,male,PUBLIC INTOXICATION
2019-02-19,13:30:00,29.4317324,-98.5050326,44.0,white,male,PUBLIC INTOXICATION
2019-02-19,15:55:00,29.5494725,-98.662983,38.0,hispanic,male,SOLICITING FROM OCCUPANTS OF VEHICLES
2019-02-19,21:00:00,29.4265076,-98.4885354,44.0,black,male,POSSESSING DRUG PARAPHERNALIA
2019-02-19,18:50:00,29.423843,-98.4874621,31.0,black,male,PUBLIC INTOXICATION
2019-01-25,16:19:00,29.482389000000072,-98.53516799999994,35.0,hispanic,male,POSSESSING DRUG PARAPHERNALIA
2019-01-30,17:05:00,29.38496899999999,-98.469638,38.0,black,male,SOLICITING FROM OCCUPANTS OF VEHICLES
2019-01-24,14:22:00,29.6017537,-98.4050082,49.0,white,male,SOLICITING FROM OCCUPANTS OF VEHICLES
2019-01-24,16:43:00,29.5494725,-98.662983,25.0,hispanic,male,SOLICITING FROM OCCUPANTS OF VEHICLES
2019-01-31,19:32:00,29.5494725,-98.662983,27.0,black,female,SOLICITING FROM OCCUPANTS OF VEHICLES
2019-01-27,16:54:00,29.41371464600008,-98.47981126899998,60.0,black,male,SOLICITING FROM OCCUPANTS OF VEHICLES
2019-02-01,09:45:00,29.4755136,-98.6574928,32.0,white,male,SOLICITING FROM OCCUPANTS OF VEHICLES
2019-02-01,17:47:00,29.5343886,-98.6772499,49.0,white,male,SOLICITING FROM OCCUPANTS OF VEHICLES
2019-01-03,20:30:00,29.3527949,-98.5313787,15.0,white,female,THEFT UNDER $100.00
2019-02-03,16:22:00,29.546888899999995,-98.3699741,51.0,white,male,SOLICITING FROM OCCUPANTS OF VEHICLES
2019-02-01,16:07:00,29.565088300000006,-98.5917656,39.0,hispanic,male,SOLICITING FROM OCCUPANTS OF VEHICLES
2019-02-02,17:32:00,29.489767800000006,-98.7075138,41.0,hispanic,male,SOLICITING FROM OCCUPANTS OF VEHICLES
2019-01-31,15:17:00,29.5494725,-98.662983,25.0,white,male,SOLICITING FROM OCCUPANTS OF VEHICLES
2019-01-30,14:45:00,29.3519438,-98.4310982,43.0,black,female,SOLICITING FROM OCCUPANTS OF VEHICLES
2019-01-30,14:39:00,29.3519438,-98.4310982,27.0,black,female,SOLICITING FROM OCCUPANTS OF VEHICLES
2019-01-31,00:12:00,29.54473200000007,-98.53083449999995,37.0,white,male,PUBLIC INTOXICATION
2019-01-30,14:39:00,29.35665638900008,-98.49709799999994,42.0,white,female,SOLICITING FROM OCCUPANTS OF VEHICLES
2019-01-30,18:14:00,29.42483630000001,-98.5011962,48.0,white,male,SOLICITING FROM OCCUPANTS OF VEHICLES
2019-02-22,15:40:00,29.423899,-98.4897559,40.0,black,male,THEFT UNDER $100.00
2019-01-30,14:35:00,29.3519438,-98.4310982,37.0,white,female,SOLICITING FROM OCCUPANTS OF VEHICLES
2019-01-30,14:43:00,29.3519438,-98.4310982,48.0,black,female,SOLICITING FROM OCCUPANTS OF VEHICLES
2019-02-01,16:15:00,29.3534413,-98.4253384,55.0,white,male,SOLICITING FROM OCCUPANTS OF VEHICLES
2019-02-02,15:36:00,29.5535339,-98.4069433,26.0,black,male,THEFT UNDER $100.00
2019-01-31,14:28:00,29.5489659,-98.40722300000002,50.0,white,female,THEFT UNDER $100.00
2019-02-05,20:16:00,29.41990909999999,-98.6511315,22.0,hispanic,male,THEFT UNDER $100.00
2019-01-23,14:40:00,29.45853589999999,-98.5533896,17.0,white,female,THEFT UNDER $100.00
2019-01-25,12:30:00,29.380676399999995,-98.6370197,53.0,hispanic,male,THEFT UNDER $100.00
2019-01-31,18:00:00,29.4891404,-98.4473656,30.0,hispanic,male,THEFT UNDER $100.00
2019-01-26,19:55:00,29.3385187,-98.5549256,62.0,white,female,THEFT UNDER $100.00
2019-02-04,20:54:00,29.3791843,-98.4608047,74.0,hispanic,female,THEFT UNDER $100.00
2019-02-01,15:15:00,29.4324504,-98.4929074,33.0,hispanic,male,PUBLIC INTOXICATION
2019-02-23,00:58:00,29.41990909999999,-98.6511315,27.0,hispanic,female,THEFT UNDER $100.00
2019-02-04,20:54:00,29.3791843,-98.4608047,47.0,white,female,THEFT UNDER $100.00
2019-02-09,00:16:00,29.57719500000008,-98.59284449999996,32.0,white,female,PUBLIC INTOXICATION
2019-01-28,19:56:00,29.3791843,-98.4608047,40.0,hispanic,female,THEFT UNDER $100.00
2019-01-28,21:25:00,29.3791843,-98.4608047,31.0,hispanic,male,THEFT UNDER $100.00
2019-02-02,18:51:00,29.4936372,-98.4316333,55.0,black,female,THEFT UNDER $100.00
2019-02-21,20:00:00,29.4457849,-98.4959969,55.0,hispanic,male,PUBLIC INTOXICATION
2019-01-13,18:25:00,29.6124137,-98.4706999,29.0,white,male,THEFT UNDER $100.00
2019-01-13,14:00:00,29.4248756,-98.5014474,35.0,white,male,SOLICITING FROM OCCUPANTS OF VEHICLES
2019-02-20,22:38:00,29.425165000000003,-98.48702,24.0,hispanic,female,PUBLIC INTOXICATION
2019-02-21,14:15:00,29.47046869999999,-98.2940085,26.0,hispanic,male,SOLICITING FROM OCCUPANTS OF VEHICLES
2019-02-21,16:11:00,29.3753336,-98.4156809,37.0,white,female,SOLICITING FROM OCCUPANTS OF VEHICLES
2019-02-21,21:00:00,29.529799,-98.562918,44.0,white,male,POSSESSING DRUG PARAPHERNALIA
2019-02-20,20:15:00,29.4180868,-98.554202,43.0,white,female,THEFT UNDER $100.00
2019-02-21,17:41:00,29.371446,-98.4677132,55.0,hispanic,male,POSSESSING DRUG PARAPHERNALIA
2019-02-20,20:15:00,29.4180868,-98.554202,17.0,hispanic,female,THEFT UNDER $100.00
2019-02-20,18:18:00,29.320976588000068,-98.47809935599994,27.0,white,male,POSSESSING DRUG PARAPHERNALIA
2019-02-07,21:26:00,29.3523692,-98.4333684,49.0,white,male,THEFT UNDER $100.00
2019-02-21,08:44:00,29.350929200000003,-98.5341944,49.0,hispanic,female,POSSESSING DRUG PARAPHERNALIA
2019-02-21,16:19:00,29.5571249,-98.6149714,43.0,white,male,SOLICITING FROM OCCUPANTS OF VEHICLES
2019-02-06,16:53:00,29.350929200000003,-98.5341944,43.0,hispanic,male,SOLICITING FROM OCCUPANTS OF VEHICLES
2019-02-03,14:32:00,29.5918663,-98.3515706,24.0,white,female,SOLICITING FROM OCCUPANTS OF VEHICLES
2019-02-04,14:58:00,29.5918663,-98.3515706,61.0,white,female,SOLICITING FROM OCCUPANTS OF VEHICLES
2019-02-04,15:05:00,29.5908693,-98.3526174,49.0,white,female,SOLICITING FROM OCCUPANTS OF VEHICLES
2019-02-01,19:34:00,29.3753836,-98.4509895,67.0,white,male,PUBLIC INTOXICATION
2019-02-01,22:50:00,29.42925420000001,-98.4897342,68.0,hispanic,male,SOLICITING FROM OCCUPANTS OF VEHICLES
2019-02-06,03:28:00,29.492773,-98.499313,26.0,white,male,POSSESSING DRUG PARAPHERNALIA
2019-02-05,11:13:00,29.3519438,-98.4310982,33.0,hispanic,male,POSSESSING DRUG PARAPHERNALIA
2019-02-05,12:45:00,29.4283822,-98.52454509999998,44.0,white,male,THEFT UNDER $100.00
2019-02-01,16:43:00,29.439105600000005,-98.6495241,26.0,white,female,THEFT UNDER $100.00
2019-02-04,15:33:00,29.4690708,-98.621127,20.0,black,female,THEFT UNDER $100.00
2019-02-01,14:20:00,29.5077341,-98.4770567,33.0,white,female,SOLICITING FROM OCCUPANTS OF VEHICLES
2019-02-02,21:38:00,29.3791843,-98.4608047,23.0,hispanic,male,THEFT UNDER $100.00
2019-02-06,22:50:00,29.5147654,-98.4818457,39.0,white,female,THEFT UNDER $100.00
2019-02-03,22:34:00,29.41990909999999,-98.6511315,41.0,hispanic,female,THEFT UNDER $100.00
2019-02-01,21:39:00,29.6124137,-98.4706999,23.0,white,male,THEFT UNDER $100.00
2019-02-20,19:24:00,29.42415248500004,-98.43938571099994,48.0,hispanic,female,POSSESSING DRUG PARAPHERNALIA
2019-02-20,17:27:00,29.5194677,-98.494108,29.0,white,male,THEFT UNDER $100.00
2019-02-20,14:45:00,29.3791843,-98.4608047,36.0,white,male,THEFT UNDER $100.00
2019-02-19,17:40:00,29.41990909999999,-98.6511315,22.0,white,male,THEFT UNDER $100.00
2019-01-12,19:17:00,29.55211200000008,-98.36504549999997,21.0,white,male,POSSESSING DRUG PARAPHERNALIA
2019-01-12,20:03:00,29.5397237,-98.5519709,40.0,white,male,SOLICITING FROM OCCUPANTS OF VEHICLES
2019-01-15,15:17:00,29.3565637,-98.526332,44.0,white,female,SOLICITING FROM OCCUPANTS OF VEHICLES
2019-01-15,15:08:00,29.4227512,-98.4832786,32.0,white,male,POSSESSING DRUG PARAPHERNALIA
2019-01-14,15:40:00,29.5619969,-98.5605435,52.0,white,male,SOLICITING FROM OCCUPANTS OF VEHICLES
2019-01-15,13:48:00,29.21615969300007,-98.534542388,48.0,black,female,SOLICITING FROM OCCUPANTS OF VEHICLES
2019-01-12,18:30:00,29.58891354800005,-98.61962227499998,41.0,white,male,SOLICITING FROM OCCUPANTS OF VEHICLES
2019-01-14,12:22:00,29.3565637,-98.526332,51.0,hispanic,male,SOLICITING FROM OCCUPANTS OF VEHICLES
2019-01-14,12:23:00,29.3501243,-98.5341477,29.0,white,female,SOLICITING FROM OCCUPANTS OF VEHICLES
2019-01-15,14:20:00,29.350929200000003,-98.5341944,33.0,hispanic,male,SOLICITING FROM OCCUPANTS OF VEHICLES
2019-01-15,12:52:00,29.357293,-98.5522345,56.0,white,male,SOLICITING FROM OCCUPANTS OF VEHICLES
2019-01-14,03:10:00,29.3501243,-98.5341477,32.0,white,male,SOLICITING FROM OCCUPANTS OF VEHICLES
2019-02-03,17:45:00,29.469261600000006,-98.3850648,37.0,white,male,SOLICITING FROM OCCUPANTS OF VEHICLES
2019-01-16,16:31:00,29.3975972,-98.5371134,39.0,black,male,POSSESSING DRUG PARAPHERNALIA
2019-02-03,17:45:00,29.469261600000006,-98.3850648,37.0,white,male,POSSESSING DRUG PARAPHERNALIA
2019-02-01,21:51:00,29.4386325,-98.5057774,28.0,hispanic,male,POSSESSING DRUG PARAPHERNALIA
2019-02-03,18:05:00,29.41990909999999,-98.6511315,29.0,hispanic,female,THEFT UNDER $100.00
2019-02-03,21:27:00,29.3791843,-98.4608047,22.0,hispanic,male,THEFT UNDER $100.00
2019-02-02,22:30:00,29.45853589999999,-98.5533896,46.0,white,female,THEFT UNDER $100.00
2019-01-15,15:09:00,29.3565637,-98.526332,51.0,hispanic,male,SOLICITING FROM OCCUPANTS OF VEHICLES
2019-01-16,14:50:00,29.357293,-98.5522345,74.0,hispanic,female,SOLICITING FROM OCCUPANTS OF VEHICLES
2019-01-11,00:02:00,29.3791843,-98.4608047,20.0,hispanic,female,THEFT UNDER $100.00
2019-01-11,00:20:00,29.3791843,-98.4608047,17.0,white,female,THEFT UNDER $100.00
2019-01-10,20:25:00,29.3791843,-98.4608047,33.0,white,male,THEFT UNDER $100.00
2019-01-15,21:22:00,29.380676399999995,-98.6370197,25.0,white,female,THEFT UNDER $100.00
2019-01-07,08:50:00,29.4671049,-98.6164471,15.0,hispanic,male,POSSESSING DRUG PARAPHERNALIA
2019-01-12,14:55:00,29.3791843,-98.4608047,52.0,hispanic,female,THEFT UNDER $100.00
2019-02-20,16:30:00,29.4076095,-98.5161079,19.0,white,male,POSSESSING DRUG PARAPHERNALIA
2019-02-03,16:08:00,29.3653378,-98.44057159999998,52.0,black,male,THEFT UNDER $100.00
2019-02-20,16:44:00,29.3650898,-98.4415962,33.0,hispanic,female,THEFT UNDER $100.00
2019-02-06,13:30:00,29.4180868,-98.554202,39.0,white,female,THEFT UNDER $100.00
2019-02-04,09:08:00,29.45853589999999,-98.5533896,34.0,black,male,THEFT UNDER $100.00
2019-02-03,16:35:00,29.3604706,-98.5331377,28.0,hispanic,male,THEFT UNDER $100.00
2019-02-20,19:55:00,29.4250448,-98.4937533,51.0,white,male,PUBLIC INTOXICATION
2019-02-03,15:45:00,29.45853589999999,-98.5533896,40.0,white,male,THEFT UNDER $100.00
2019-02-25,13:30:00,29.45853589999999,-98.5533896,48.0,white,male,THEFT UNDER $100.00
2019-02-25,20:35:00,29.348079100000003,-98.4336733,22.0,black,female,THEFT UNDER $100.00
2019-01-16,14:50:00,29.439105600000005,-98.6495241,18.0,white,female,THEFT UNDER $100.00
2019-01-14,19:25:00,29.46480039999999,-98.5260804,45.0,hispanic,male,THEFT UNDER $100.00
2019-02-09,00:08:00,29.5770925,-98.5928495,44.0,hispanic,male,PUBLIC INTOXICATION
2019-01-10,10:40:00,29.5644288,-98.5959705,62.0,black,male,THEFT UNDER $100.00
2019-02-02,16:58:00,29.4004358,-98.3860458,25.0,hispanic,male,THEFT UNDER $100.00
2019-01-12,19:46:00,29.3791843,-98.4608047,40.0,hispanic,female,THEFT UNDER $100.00
2019-01-14,22:11:00,29.4336658,-98.7035591,42.0,hispanic,male,THEFT UNDER $100.00
2019-01-26,17:35:00,29.3985292,-98.4270416,63.0,hispanic,male,SOLICITING FROM OCCUPANTS OF VEHICLES
2019-01-14,17:54:00,29.53157879999999,-98.5616136,40.0,hispanic,female,THEFT UNDER $100.00
2019-01-12,16:10:00,29.4451812,-98.6390361,40.0,white,female,THEFT UNDER $100.00
2019-02-04,15:50:00,29.4879817,-98.5375995,39.0,white,male,THEFT UNDER $100.00
2019-01-14,19:20:00,29.4903499,-98.7009964,20.0,hispanic,female,THEFT UNDER $100.00
2019-02-02,15:00:00,29.4004358,-98.3860458,25.0,hispanic,male,THEFT UNDER $100.00
2019-01-12,15:00:00,29.5537098,-98.6632215,36.0,white,female,THEFT UNDER $100.00
2019-01-30,18:36:00,29.6413127,-98.4573271,36.0,white,male,THEFT UNDER $100.00
2019-01-12,16:28:00,29.41990909999999,-98.6511315,39.0,white,male,THEFT UNDER $100.00
2019-01-30,21:30:00,29.3791843,-98.4608047,58.0,white,male,THEFT UNDER $100.00
2019-02-06,20:40:00,29.4905631,-98.4366974,26.0,hispanic,female,THEFT UNDER $100.00
2019-01-30,02:10:00,29.53944900000005,-98.37865349999998,34.0,white,male,THEFT UNDER $100.00
2019-02-13,17:46:00,29.4250448,-98.4937533,28.0,white,male,POSSESSING DRUG PARAPHERNALIA
2019-02-15,10:00:00,29.436219800000003,-98.489402,48.0,black,male,SOLICITING FROM OCCUPANTS OF VEHICLES
2019-02-15,10:00:00,29.4250448,-98.4937533,48.0,black,male,PUBLIC INTOXICATION
2019-02-13,08:33:00,29.414512100000003,-98.4810648,38.0,black,male,SOLICITING FROM OCCUPANTS OF VEHICLES
2019-02-12,16:15:00,29.42367300000007,-98.49492449999995,23.0,white,male,PUBLIC INTOXICATION
2019-02-13,11:57:00,29.42513,-98.4820501,46.0,white,male,SOLICITING FROM OCCUPANTS OF VEHICLES
2019-02-10,19:05:00,29.49811471700008,-98.39263918599994,49.0,white,male,POSSESSING DRUG PARAPHERNALIA
2019-02-12,20:21:00,29.41990909999999,-98.6511315,19.0,white,male,THEFT UNDER $100.00
2019-02-10,18:19:00,29.3385187,-98.5549256,38.0,white,female,THEFT UNDER $100.00
2019-02-11,20:49:00,29.4879817,-98.5375995,29.0,white,male,THEFT UNDER $100.00
2019-02-11,12:11:00,29.3791843,-98.4608047,50.0,black,male,THEFT UNDER $100.00
2019-02-11,20:25:00,29.4004358,-98.3860458,28.0,white,female,THEFT UNDER $100.00
2019-02-09,16:02:00,29.4936372,-98.4316333,23.0,hispanic,male,THEFT UNDER $100.00
2019-02-08,18:15:00,29.44264500000003,-98.64231299999994,43.0,black,male,THEFT UNDER $100.00
2019-02-11,20:22:00,29.5644288,-98.5959705,37.0,white,male,THEFT UNDER $100.00
2019-02-19,12:12:00,29.4221462,-98.5089102,38.0,black,male,SOLICITING FROM OCCUPANTS OF VEHICLES
2019-02-07,18:23:00,29.565088300000006,-98.5917656,41.0,white,male,SOLICITING FROM OCCUPANTS OF VEHICLES
2019-02-07,18:55:00,29.53241000000003,-98.55233999999996,56.0,white,male,SOLICITING FROM OCCUPANTS OF VEHICLES
2019-02-07,17:01:00,29.351283,-98.5315515,44.0,white,female,SOLICITING FROM OCCUPANTS OF VEHICLES
2019-02-11,16:52:00,29.358072000000053,-98.522811,46.0,white,male,PUBLIC INTOXICATION
2019-02-08,12:43:00,29.355628000000006,-98.533698,40.0,white,male,SOLICITING FROM OCCUPANTS OF VEHICLES
2019-02-08,09:38:00,29.4855941,-98.5345259,31.0,white,male,SOLICITING FROM OCCUPANTS OF VEHICLES
2019-02-12,14:56:00,29.44966229800008,-98.710768434,41.0,hispanic,male,SOLICITING FROM OCCUPANTS OF VEHICLES
2019-02-12,14:00:00,29.5050817,-98.3987269,57.0,white,male,SOLICITING FROM OCCUPANTS OF VEHICLES
2019-02-11,20:45:00,29.5535339,-98.4069433,54.0,white,male,THEFT UNDER $100.00
2019-02-13,09:12:00,29.60813409999999,-98.4996384,55.0,black,male,SOLICITING FROM OCCUPANTS OF VEHICLES
2019-02-12,11:41:00,29.60813409999999,-98.4996384,30.0,white,male,SOLICITING FROM OCCUPANTS OF VEHICLES
2019-02-13,16:26:00,29.3501243,-98.5341477,32.0,hispanic,male,SOLICITING FROM OCCUPANTS OF VEHICLES
2019-02-09,21:14:00,29.377557000000024,-98.431785,56.0,white,male,PUBLIC INTOXICATION
2019-02-06,14:52:00,29.5194677,-98.494108,50.0,hispanic,male,THEFT UNDER $100.00
2019-02-12,22:04:00,29.42111700000004,-98.51903549999996,40.0,white,male,POSSESSING DRUG PARAPHERNALIA
2019-02-07,19:29:00,29.3385187,-98.5549256,26.0,black,female,THEFT UNDER $100.00
2019-02-09,18:24:00,29.43591311200004,-98.58746930099994,41.0,white,male,POSSESSING DRUG PARAPHERNALIA
2019-02-09,19:32:00,29.3385187,-98.5549256,31.0,white,female,THEFT UNDER $100.00
2019-02-11,20:04:00,29.41990909999999,-98.6511315,26.0,white,male,THEFT UNDER $100.00
2019-02-14,20:29:00,29.41990909999999,-98.6511315,22.0,hispanic,female,THEFT UNDER $100.00
